{
  "config": {
    "run_name": "exp1_1",
    "out_dir": "./results",
    "seed": 258264729,
    "device": null,
    "bs_train": 128,
    "bs_test": 32,
    "batches": 50,
    "epochs": 100,
    "early_stopping": 3,
    "checkpoints": null,
    "lr": 0.001,
    "reg": 0.001,
    "filters_per_layer": [
      32
    ],
    "layers_per_block": 2,
    "pool_every": 2,
    "hidden_dims": [
      100
    ],
    "model_type": "cnn",
    "kw": {}
  },
  "results": {
    "num_epochs": 11,
    "train_loss": [
      2.008641095161438,
      1.6408991885185242,
      1.45542156457901,
      1.3434530973434449,
      1.2402997612953186,
      1.1497499096393584,
      1.0831412863731384,
      1.0364016890525818,
      0.9590647792816163,
      0.8873274981975555,
      0.8034745812416076
    ],
    "train_acc": [
      29.015625,
      42.625,
      49.78125,
      53.984375,
      57.6875,
      61.296875,
      63.734375,
      65.875,
      68.984375,
      72.140625,
      75.53125
    ],
    "test_loss": [
      1.811755530834198,
      1.6239814758300781,
      1.5543217539787293,
      1.4750658464431763,
      1.4166852140426636,
      1.3847940611839293,
      1.4026175677776336,
      1.3515544104576112,
      1.3716491961479187,
      1.4122868072986603,
      1.4836197316646575
    ],
    "test_acc": [
      35.5625,
      40.8125,
      44.375,
      46.6875,
      48.0,
      49.5625,
      49.25,
      52.875,
      53.0,
      52.6875,
      52.0
    ]
  }
}