{
  "config": {
    "run_name": "exp1_1",
    "out_dir": "./results",
    "seed": 241392456,
    "device": null,
    "bs_train": 128,
    "bs_test": 32,
    "batches": 50,
    "epochs": 100,
    "early_stopping": 3,
    "checkpoints": null,
    "lr": 0.001,
    "reg": 0.001,
    "filters_per_layer": [
      32
    ],
    "layers_per_block": 8,
    "pool_every": 5,
    "hidden_dims": [
      100
    ],
    "model_type": "cnn",
    "kw": {}
  },
  "results": {
    "num_epochs": 9,
    "train_loss": [
      2.225647072792053,
      1.9830677103996277,
      1.8703556156158447,
      1.7329369497299194,
      1.5972023916244507,
      1.4391055822372436,
      1.2699349880218507,
      1.1203749549388886,
      0.9814448404312134
    ],
    "train_acc": [
      16.890625,
      28.3125,
      32.21875,
      38.0,
      43.90625,
      51.171875,
      58.28125,
      64.71875,
      70.234375
    ],
    "test_loss": [
      2.044037265777588,
      1.9233079218864442,
      1.814940631389618,
      1.773499345779419,
      1.7862267231941222,
      1.659227774143219,
      1.694278471469879,
      1.9253446054458618,
      2.065633919239044
    ],
    "test_acc": [
      24.8125,
      29.375,
      32.75,
      35.75,
      39.8125,
      42.625,
      43.9375,
      44.1875,
      41.75
    ]
  }
}