{
  "config": {
    "run_name": "exp1_1",
    "out_dir": "./results",
    "seed": 503482311,
    "device": null,
    "bs_train": 128,
    "bs_test": 32,
    "batches": 50,
    "epochs": 100,
    "early_stopping": 3,
    "checkpoints": null,
    "lr": 0.001,
    "reg": 0.001,
    "filters_per_layer": [
      64
    ],
    "layers_per_block": 8,
    "pool_every": 5,
    "hidden_dims": [
      100
    ],
    "model_type": "cnn",
    "kw": {}
  },
  "results": {
    "num_epochs": 7,
    "train_loss": [
      2.1961852598190306,
      1.9677634406089783,
      1.777525956630707,
      1.594911139011383,
      1.4348049402236938,
      1.2728947377204896,
      1.1758988916873931
    ],
    "train_acc": [
      16.875,
      29.1875,
      35.90625,
      44.421875,
      51.46875,
      58.75,
      63.34375
    ],
    "test_loss": [
      2.097606439590454,
      1.894297707080841,
      1.7664858770370484,
      1.7483591365814208,
      1.7652830171585083,
      1.750203013420105,
      1.7575452041625976
    ],
    "test_acc": [
      23.25,
      29.125,
      35.4375,
      37.125,
      40.5625,
      43.0625,
      41.0625
    ]
  }
}