{
  "config": {
    "run_name": "exp1_1",
    "out_dir": "./results",
    "seed": 1079968864,
    "device": null,
    "bs_train": 128,
    "bs_test": 32,
    "batches": 50,
    "epochs": 100,
    "early_stopping": 3,
    "checkpoints": null,
    "lr": 0.001,
    "reg": 0.001,
    "filters_per_layer": [
      64
    ],
    "layers_per_block": 16,
    "pool_every": 9,
    "hidden_dims": [
      100
    ],
    "model_type": "cnn",
    "kw": {}
  },
  "results": {
    "num_epochs": 6,
    "train_loss": [
      2.303656330108643,
      2.3028848600387573,
      2.3025477218627928,
      2.3024308681488037,
      2.354408025741577,
      2.3028539514541624
    ],
    "train_acc": [
      10.46875,
      10.1875,
      9.96875,
      9.984375,
      9.9375,
      10.5
    ],
    "test_loss": [
      2.3039250993728637,
      2.30318630695343,
      2.3029689407348632,
      2.303014144897461,
      2.3036872959136963,
      2.303195233345032
    ],
    "test_acc": [
      9.875,
      9.875,
      9.9375,
      9.875,
      9.875,
      9.9375
    ]
  }
}