{
  "config": {
    "run_name": "exp1_2",
    "out_dir": "./results",
    "seed": 503431777,
    "device": null,
    "bs_train": 128,
    "bs_test": 32,
    "batches": 500,
    "epochs": 100,
    "early_stopping": 3,
    "checkpoints": null,
    "lr": 0.001,
    "reg": 0.001,
    "filters_per_layer": [
      32
    ],
    "layers_per_block": 4,
    "pool_every": 3,
    "hidden_dims": [
      100
    ],
    "model_type": "cnn",
    "kw": {}
  },
  "results": {
    "num_epochs": 7,
    "train_loss": [
      1.6019579641654362,
      1.2035621991547782,
      1.0126335691003239,
      0.8690995232528432,
      0.7614623661083944,
      0.6684201919209317,
      0.5807317273543618
    ],
    "train_acc": [
      43.262,
      58.634,
      65.608,
      71.244,
      75.514,
      79.288,
      82.63
    ],
    "test_loss": [
      1.3759684701697132,
      1.1646433748757115,
      1.0747672258474577,
      0.9891020957463846,
      1.0113482300085002,
      1.0895395409375335,
      1.237616161664073
    ],
    "test_acc": [
      51.6,
      58.74,
      62.99,
      66.08,
      66.18,
      65.02,
      64.37
    ]
  }
}