{
  "config": {
    "run_name": "exp1_3",
    "out_dir": "./results",
    "seed": 1120880896,
    "device": null,
    "bs_train": 128,
    "bs_test": 32,
    "batches": 500,
    "epochs": 100,
    "early_stopping": 3,
    "checkpoints": null,
    "lr": 0.001,
    "reg": 0.001,
    "filters_per_layer": [
      64,
      128,
      256
    ],
    "layers_per_block": 4,
    "pool_every": 3,
    "hidden_dims": [
      100
    ],
    "model_type": "cnn",
    "kw": {}
  },
  "results": {
    "num_epochs": 19,
    "train_loss": [
      2.303067093919915,
      2.302790932643139,
      2.302772116478142,
      2.302741526947607,
      2.3027361085652696,
      2.3027248852088325,
      2.3027205814790848,
      2.3027185344939953,
      2.302715402125093,
      2.302712620981514,
      2.3027103758224134,
      2.30270881238191,
      2.3027063775855257,
      2.302704634263997,
      2.30270224946844,
      2.302700514073872,
      2.3026972024337105,
      2.30269767744157,
      2.3026977865897176
    ],
    "train_acc": [
      9.818,
      9.874,
      9.958,
      9.822,
      9.742,
      9.766,
      9.736,
      9.782,
      9.846,
      9.846,
      9.842,
      9.884,
      9.868,
      9.838,
      9.936,
      9.816,
      9.712,
      9.71,
      9.718
    ],
    "test_loss": [
      2.3026329640763255,
      2.3026489480234944,
      2.302629831880807,
      2.3026164339754147,
      2.3026104849367477,
      2.3026077853985867,
      2.302606634438609,
      2.30260601515968,
      2.302605443869155,
      2.302604052205436,
      2.302604043064788,
      2.3026035746065574,
      2.3026028342140368,
      2.3026026186470787,
      2.3026021159114167,
      2.3025993714317345,
      2.3026004028015623,
      2.3026007501462016,
      2.3026006336029345
    ],
    "test_acc": [
      10.0,
      10.0,
      10.0,
      10.0,
      10.0,
      10.0,
      10.0,
      10.0,
      10.0,
      10.0,
      10.0,
      10.0,
      10.0,
      10.0,
      10.0,
      10.0,
      10.0,
      10.0,
      10.0
    ]
  }
}