{
  "config": {
    "run_name": "exp1_4",
    "out_dir": "./results",
    "seed": 50134298,
    "device": null,
    "bs_train": 128,
    "bs_test": 32,
    "batches": 500,
    "epochs": 100,
    "early_stopping": 3,
    "checkpoints": null,
    "lr": 0.001,
    "reg": 0.001,
    "filters_per_layer": [
      64,
      128,
      256
    ],
    "layers_per_block": 8,
    "pool_every": 5,
    "hidden_dims": [
      100
    ],
    "model_type": "resnet",
    "kw": {}
  },
  "results": {
    "num_epochs": 9,
    "train_loss": [
      1.9304723718282206,
      1.4697523778661743,
      1.2164581657370643,
      1.0310848436087294,
      0.8878649893928977,
      0.7816171678130889,
      0.706767626202015,
      0.645589925672697,
      0.5930027343580485
    ],
    "train_acc": [
      28.894,
      47.404,
      57.854,
      65.184,
      71.046,
      75.382,
      78.626,
      81.278,
      83.71
    ],
    "test_loss": [
      1.7244156187715622,
      1.3085482777498019,
      1.1109689319857394,
      1.0173712155689447,
      0.9459444109243326,
      0.9026030419162288,
      0.9071771411088329,
      0.9583710961448498,
      0.9169532755693308
    ],
    "test_acc": [
      37.54,
      51.68,
      60.43,
      63.96,
      66.68,
      69.15,
      69.4,
      68.68,
      69.99
    ]
  }
}