{
  "config": {
    "run_name": "exp1_2",
    "out_dir": "./results",
    "seed": 770000175,
    "device": null,
    "bs_train": 128,
    "bs_test": 32,
    "batches": 500,
    "epochs": 100,
    "early_stopping": 3,
    "checkpoints": null,
    "lr": 0.001,
    "reg": 0.001,
    "filters_per_layer": [
      64
    ],
    "layers_per_block": 4,
    "pool_every": 3,
    "hidden_dims": [
      100
    ],
    "model_type": "cnn",
    "kw": {}
  },
  "results": {
    "num_epochs": 6,
    "train_loss": [
      1.5889388283195398,
      1.1269723832454828,
      0.9082938066833769,
      0.7601589994967136,
      0.6484596865713749,
      0.5568821838749644
    ],
    "train_acc": [
      43.866,
      61.518,
      69.832,
      75.592,
      80.108,
      83.816
    ],
    "test_loss": [
      1.285745193973517,
      1.0849356618933022,
      0.9577401633651111,
      0.9615339223569194,
      1.0125297055648157,
      1.0566469491861117
    ],
    "test_acc": [
      54.13,
      61.74,
      66.73,
      67.74,
      68.34,
      68.0
    ]
  }
}