{
  "config": {
    "run_name": "exp1_2",
    "out_dir": "./results",
    "seed": 578530559,
    "device": null,
    "bs_train": 128,
    "bs_test": 32,
    "batches": 500,
    "epochs": 100,
    "early_stopping": 3,
    "checkpoints": null,
    "lr": 0.001,
    "reg": 0.001,
    "filters_per_layer": [
      128
    ],
    "layers_per_block": 2,
    "pool_every": 2,
    "hidden_dims": [
      100
    ],
    "model_type": "cnn",
    "kw": {}
  },
  "results": {
    "num_epochs": 11,
    "train_loss": [
      1.588966486399131,
      1.2532670624420772,
      1.1418769891609621,
      1.0580667671949968,
      0.9864850289681378,
      0.9242557057029451,
      0.8726123732983914,
      0.8256580841815685,
      0.7823353886909192,
      0.7470037937164307,
      0.7205785147064482
    ],
    "train_acc": [
      43.588,
      56.35,
      60.744,
      63.908,
      66.582,
      68.748,
      70.852,
      72.524,
      74.11,
      75.354,
      76.564
    ],
    "test_loss": [
      1.347054061798242,
      1.22932212916426,
      1.167412614098753,
      1.1275433452365498,
      1.104567437316663,
      1.0992225762754202,
      1.0870171787258915,
      1.0836316129079642,
      1.089674650480191,
      1.1100567715426983,
      1.1534506297720888
    ],
    "test_acc": [
      52.39,
      56.56,
      58.43,
      60.17,
      61.36,
      61.54,
      62.07,
      62.79,
      63.21,
      63.31,
      62.95
    ]
  }
}