{
  "config": {
    "run_name": "exp1_3",
    "out_dir": "./results",
    "seed": 37279419,
    "device": null,
    "bs_train": 128,
    "bs_test": 32,
    "batches": 500,
    "epochs": 100,
    "early_stopping": 3,
    "checkpoints": null,
    "lr": 0.001,
    "reg": 0.001,
    "filters_per_layer": [
      64,
      128,
      256
    ],
    "layers_per_block": 3,
    "pool_every": 2,
    "hidden_dims": [
      100
    ],
    "model_type": "cnn",
    "kw": {}
  },
  "results": {
    "num_epochs": 12,
    "train_loss": [
      1.976619778081889,
      1.4594828597724896,
      1.14422617178134,
      0.9409170894671584,
      0.7914468271043295,
      0.6885364238563401,
      0.611839316537618,
      0.5623374352674655,
      0.49162185878095116,
      0.43040858464472737,
      0.39165879126704867,
      0.35485801443724374
    ],
    "train_acc": [
      25.064,
      47.222,
      60.722,
      68.926,
      74.586,
      78.554,
      81.852,
      83.984,
      86.98,
      89.468,
      91.01,
      92.298
    ],
    "test_loss": [
      1.6610073022568188,
      1.2956395891908639,
      1.0580223844455072,
      0.9570845315060296,
      0.899448640049456,
      0.8319802278527817,
      0.8478902662143158,
      0.8327541551270043,
      0.8161708765898269,
      0.9232381437533199,
      0.9465562313699875,
      1.0413222331970264
    ],
    "test_acc": [
      36.06,
      52.92,
      62.73,
      67.11,
      69.56,
      72.05,
      71.66,
      72.8,
      73.99,
      72.63,
      73.21,
      72.7
    ]
  }
}