{
  "config": {
    "run_name": "exp1_3",
    "out_dir": "./results",
    "seed": 1218973810,
    "device": null,
    "bs_train": 128,
    "bs_test": 32,
    "batches": 500,
    "epochs": 100,
    "early_stopping": 3,
    "checkpoints": null,
    "lr": 0.001,
    "reg": 0.001,
    "filters_per_layer": [
      64,
      128,
      256
    ],
    "layers_per_block": 1,
    "pool_every": 1,
    "hidden_dims": [
      100
    ],
    "model_type": "cnn",
    "kw": {}
  },
  "results": {
    "num_epochs": 9,
    "train_loss": [
      1.5607560476683595,
      1.1496098056778579,
      0.9466803026626177,
      0.820548920985073,
      0.7312753683770709,
      0.6598880535653789,
      0.591674198961014,
      0.5323637801667919,
      0.48173895165743424
    ],
    "train_acc": [
      44.544,
      60.586,
      68.302,
      73.022,
      76.41,
      79.02,
      81.562,
      83.844,
      85.852
    ],
    "test_loss": [
      1.2679246532650421,
      1.0542618131485229,
      0.9500647883255261,
      0.8653173690405898,
      0.8180175283655953,
      0.8129106240150646,
      0.8544159262134625,
      0.8969574002221751,
      0.9595841405490717
    ],
    "test_acc": [
      55.12,
      62.61,
      67.0,
      69.67,
      71.71,
      72.27,
      71.83,
      71.5,
      70.88
    ]
  }
}