{
  "config": {
    "run_name": "exp1_2",
    "out_dir": "./results",
    "seed": 2032843956,
    "device": null,
    "bs_train": 128,
    "bs_test": 32,
    "batches": 500,
    "epochs": 100,
    "early_stopping": 3,
    "checkpoints": null,
    "lr": 0.001,
    "reg": 0.001,
    "filters_per_layer": [
      256
    ],
    "layers_per_block": 2,
    "pool_every": 2,
    "hidden_dims": [
      100
    ],
    "model_type": "cnn",
    "kw": {}
  },
  "results": {
    "num_epochs": 15,
    "train_loss": [
      1.6929339615585248,
      1.4251063696258819,
      1.3310586564681108,
      1.2653192431115738,
      1.2104788036907421,
      1.163986934420398,
      1.1263549888835234,
      1.0911811373727707,
      1.0614460863725608,
      1.0369623550368696,
      1.0167356996280152,
      0.9873228271294128,
      0.9608703548341151,
      0.9417780486823958,
      0.9238932759255705
    ],
    "train_acc": [
      40.308,
      50.08,
      53.68,
      55.934,
      58.082,
      59.706,
      61.214,
      62.494,
      63.582,
      64.564,
      65.336,
      66.454,
      67.356,
      68.1,
      68.936
    ],
    "test_loss": [
      1.4847354778466515,
      1.3878877524750681,
      1.3290106579899408,
      1.2865537140316095,
      1.2631741286085818,
      1.251910911771817,
      1.2527050019833987,
      1.2493614266855648,
      1.2445654168296545,
      1.23345315056487,
      1.2368225601915352,
      1.2294540641406855,
      1.236725763200571,
      1.2509173558542903,
      1.2783734727972231
    ],
    "test_acc": [
      47.28,
      51.09,
      52.37,
      53.68,
      54.66,
      55.48,
      55.5,
      56.14,
      56.74,
      57.38,
      57.14,
      57.47,
      57.6,
      57.28,
      56.85
    ]
  }
}