{
  "config": {
    "run_name": "exp1_1",
    "out_dir": "./results",
    "seed": 1649203097,
    "device": null,
    "bs_train": 128,
    "bs_test": 32,
    "batches": 50,
    "epochs": 100,
    "early_stopping": 3,
    "checkpoints": null,
    "lr": 0.001,
    "reg": 0.001,
    "filters_per_layer": [
      32
    ],
    "layers_per_block": 4,
    "pool_every": 3,
    "hidden_dims": [
      100
    ],
    "model_type": "cnn",
    "kw": {}
  },
  "results": {
    "num_epochs": 9,
    "train_loss": [
      2.1037418246269226,
      1.7656186151504516,
      1.589288170337677,
      1.459389684200287,
      1.339053180217743,
      1.2259644484519958,
      1.1153098797798158,
      1.0157133030891419,
      0.9264852106571198
    ],
    "train_acc": [
      23.390625,
      37.046875,
      43.625,
      48.96875,
      53.734375,
      58.375,
      62.703125,
      66.25,
      69.984375
    ],
    "test_loss": [
      1.9150924468040467,
      1.6892218542099,
      1.6224595737457275,
      1.5845014357566833,
      1.5428786158561707,
      1.5094222807884217,
      1.5157656526565553,
      1.602903413772583,
      1.6183336830139161
    ],
    "test_acc": [
      30.625,
      39.125,
      41.4375,
      42.5,
      43.8125,
      46.375,
      47.8125,
      47.375,
      48.4375
    ]
  }
}