{
  "config": {
    "run_name": "exp1_4",
    "out_dir": "./results",
    "seed": 67128224,
    "device": null,
    "bs_train": 128,
    "bs_test": 32,
    "batches": 500,
    "epochs": 100,
    "early_stopping": 3,
    "checkpoints": null,
    "lr": 0.001,
    "reg": 0.001,
    "filters_per_layer": [
      64,
      128,
      256
    ],
    "layers_per_block": 4,
    "pool_every": 3,
    "hidden_dims": [
      100
    ],
    "model_type": "resnet",
    "kw": {}
  },
  "results": {
    "num_epochs": 8,
    "train_loss": [
      1.8227557114627966,
      1.3355914823844304,
      1.0255265328890222,
      0.818163804385973,
      0.6818402101621603,
      0.5798108848312017,
      0.504601863720228,
      0.4312354730218268
    ],
    "train_acc": [
      32.956,
      53.218,
      66.04,
      74.15,
      79.422,
      83.764,
      86.95,
      90.064
    ],
    "test_loss": [
      1.4861981514543772,
      1.1963137353951938,
      1.0061683593847501,
      0.8715739017858292,
      0.8111420434694321,
      0.8861230073835903,
      0.8407887723118352,
      0.8472240189203439
    ],
    "test_acc": [
      45.16,
      57.66,
      65.19,
      70.23,
      72.58,
      70.85,
      72.66,
      72.94
    ]
  }
}