{
  "config": {
    "run_name": "exp1_1",
    "out_dir": "./results",
    "seed": 1966179633,
    "device": null,
    "bs_train": 128,
    "bs_test": 32,
    "batches": 50,
    "epochs": 100,
    "early_stopping": 3,
    "checkpoints": null,
    "lr": 0.001,
    "reg": 0.001,
    "filters_per_layer": [
      64
    ],
    "layers_per_block": 2,
    "pool_every": 2,
    "hidden_dims": [
      100
    ],
    "model_type": "cnn",
    "kw": {}
  },
  "results": {
    "num_epochs": 8,
    "train_loss": [
      2.0198217105865477,
      1.6129788494110107,
      1.402194516658783,
      1.2536505675315857,
      1.1178625583648683,
      1.0053113174438477,
      0.907029480934143,
      0.8463555228710175
    ],
    "train_acc": [
      29.390625,
      43.609375,
      51.921875,
      57.046875,
      62.875,
      66.859375,
      71.015625,
      73.421875
    ],
    "test_loss": [
      1.7938716149330138,
      1.610356638431549,
      1.4911400723457335,
      1.4082678318023683,
      1.3611186504364015,
      1.3841967737674714,
      1.4435036206245422,
      1.4340756630897522
    ],
    "test_acc": [
      37.4375,
      42.8125,
      46.125,
      50.125,
      51.5625,
      51.125,
      49.625,
      49.9375
    ]
  }
}