{
  "config": {
    "run_name": "exp1_3",
    "out_dir": "./results",
    "seed": 457133752,
    "device": null,
    "bs_train": 128,
    "bs_test": 32,
    "batches": 500,
    "epochs": 100,
    "early_stopping": 3,
    "checkpoints": null,
    "lr": 0.001,
    "reg": 0.001,
    "filters_per_layer": [
      64,
      128,
      256
    ],
    "layers_per_block": 2,
    "pool_every": 2,
    "hidden_dims": [
      100
    ],
    "model_type": "cnn",
    "kw": {}
  },
  "results": {
    "num_epochs": 9,
    "train_loss": [
      1.6486204335146852,
      1.139448342725749,
      0.912166215879533,
      0.7575117177365686,
      0.6444980355784716,
      0.5527662676770974,
      0.4856963191190949,
      0.42806464109731757,
      0.377344921345601
    ],
    "train_acc": [
      40.588,
      60.92,
      69.718,
      75.568,
      79.916,
      83.398,
      86.096,
      88.532,
      90.57
    ],
    "test_loss": [
      1.3683230555095611,
      1.082635166165166,
      0.9298884777215343,
      0.8117552718605858,
      0.7675951482674566,
      0.7577567109570336,
      0.7701967293842913,
      0.7892573928585449,
      0.8068990174669046
    ],
    "test_acc": [
      52.35,
      62.42,
      68.35,
      72.73,
      74.1,
      74.52,
      75.33,
      75.02,
      75.69
    ]
  }
}