{
  "config": {
    "run_name": "exp1_3",
    "out_dir": "./results",
    "seed": 124213544,
    "device": null,
    "bs_train": 128,
    "bs_test": 32,
    "batches": 500,
    "epochs": 100,
    "early_stopping": 3,
    "checkpoints": null,
    "lr": 0.001,
    "reg": 0.001,
    "filters_per_layer": [
      64,
      128,
      256
    ],
    "layers_per_block": 4,
    "pool_every": 3,
    "hidden_dims": [
      100
    ],
    "model_type": "cnn",
    "kw": {}
  },
  "results": {
    "num_epochs": 14,
    "train_loss": [
      1.9628761860415758,
      1.5647228636095285,
      1.3361275113757005,
      1.1613316426191793,
      1.0178355100514638,
      0.9166970460311227,
      0.8280905186367766,
      0.7442924546463715,
      0.6829142521714311,
      0.6288688406919885,
      0.6020098613656085,
      0.550588395894336,
      0.5006192347887531,
      0.47912041176005704
    ],
    "train_acc": [
      26.012,
      42.774,
      52.776,
      59.904,
      65.35,
      69.268,
      73.066,
      76.412,
      78.964,
      81.026,
      82.106,
      84.316,
      86.288,
      87.542
    ],
    "test_loss": [
      1.7812012144551872,
      1.4568179129792478,
      1.3533240092067291,
      1.1485040858149909,
      1.0028985053205643,
      1.0076424964129354,
      0.9620936541511609,
      0.9111688985420873,
      0.9310902612277875,
      0.9332495788796641,
      0.8707670915050628,
      0.9387818143581049,
      0.9990188579399365,
      0.9857439714879654
    ],
    "test_acc": [
      31.7,
      45.81,
      51.74,
      58.91,
      64.38,
      65.13,
      66.3,
      68.91,
      68.98,
      69.62,
      71.55,
      71.35,
      70.59,
      71.45
    ]
  }
}