{
  "config": {
    "run_name": "exp1_2",
    "out_dir": "./results",
    "seed": 1966252175,
    "device": null,
    "bs_train": 128,
    "bs_test": 32,
    "batches": 500,
    "epochs": 100,
    "early_stopping": 3,
    "checkpoints": null,
    "lr": 0.001,
    "reg": 0.001,
    "filters_per_layer": [
      256
    ],
    "layers_per_block": 4,
    "pool_every": 3,
    "hidden_dims": [
      100
    ],
    "model_type": "cnn",
    "kw": {}
  },
  "results": {
    "num_epochs": 6,
    "train_loss": [
      1.5644566721623512,
      1.0597068848817244,
      0.820638078100541,
      0.6570441930190377,
      0.5319268105889831,
      0.450532880509296
    ],
    "train_acc": [
      45.13,
      64.49,
      73.5,
      79.762,
      84.904,
      88.302
    ],
    "test_loss": [
      1.2028010737019987,
      0.9290591307912772,
      0.8928557273488456,
      0.9185665303144973,
      1.046537175917397,
      1.1228405595206605
    ],
    "test_acc": [
      56.72,
      67.15,
      69.72,
      70.44,
      69.06,
      68.71
    ]
  }
}