{
  "config": {
    "run_name": "exp1_4",
    "out_dir": "./results",
    "seed": 1939500885,
    "device": null,
    "bs_train": 128,
    "bs_test": 32,
    "batches": 500,
    "epochs": 100,
    "early_stopping": 3,
    "checkpoints": null,
    "lr": 0.001,
    "reg": 0.001,
    "filters_per_layer": [
      64,
      128,
      256
    ],
    "layers_per_block": 8,
    "pool_every": 5,
    "hidden_dims": [
      100
    ],
    "model_type": "resnet",
    "kw": {}
  },
  "results": {
    "num_epochs": 12,
    "train_loss": [
      1.8054056877980147,
      1.327313358978847,
      1.110097746867353,
      0.9520809001020153,
      0.8352757209097333,
      0.7424702853193064,
      0.6580540596524163,
      0.6018590292967189,
      0.5521160803944863,
      0.5054294075959783,
      0.4584327026858659,
      0.4203650545128776
    ],
    "train_acc": [
      33.7,
      53.252,
      62.076,
      68.412,
      72.972,
      76.542,
      79.972,
      82.668,
      84.85,
      86.696,
      88.842,
      90.594
    ],
    "test_loss": [
      1.502055502928103,
      1.1929483377514556,
      1.0706914139631838,
      0.915435486327345,
      0.8803363295789725,
      0.835206850744284,
      0.8440705658719182,
      0.8487675074761668,
      0.8182368199474895,
      0.8231314675876508,
      0.9660376629319054,
      0.8794332374208651
    ],
    "test_acc": [
      44.94,
      57.34,
      62.28,
      67.39,
      69.34,
      71.49,
      71.77,
      72.31,
      73.27,
      73.58,
      70.92,
      72.69
    ]
  }
}