{
  "config": {
    "run_name": "exp1_2",
    "out_dir": "./results",
    "seed": 986037549,
    "device": null,
    "bs_train": 128,
    "bs_test": 32,
    "batches": 500,
    "epochs": 100,
    "early_stopping": 3,
    "checkpoints": null,
    "lr": 0.001,
    "reg": 0.001,
    "filters_per_layer": [
      32
    ],
    "layers_per_block": 2,
    "pool_every": 2,
    "hidden_dims": [
      100
    ],
    "model_type": "cnn",
    "kw": {}
  },
  "results": {
    "num_epochs": 7,
    "train_loss": [
      1.524970586952346,
      1.134040716206631,
      0.9706207846131776,
      0.8607988627365483,
      0.7761111302144083,
      0.7080413113012338,
      0.6441232847130817
    ],
    "train_acc": [
      46.61,
      61.034,
      67.202,
      71.172,
      74.46,
      77.144,
      79.51
    ],
    "test_loss": [
      1.2702123231400315,
      1.083049713422696,
      1.0081663872487248,
      0.9740009391650605,
      0.9781410571294852,
      1.0357822607310054,
      1.0144554151894567
    ],
    "test_acc": [
      55.72,
      61.68,
      64.43,
      66.01,
      66.23,
      65.44,
      66.18
    ]
  }
}