{
  "config": {
    "run_name": "exp1_2",
    "out_dir": "./results",
    "seed": 1966018102,
    "device": null,
    "bs_train": 128,
    "bs_test": 32,
    "batches": 500,
    "epochs": 100,
    "early_stopping": 3,
    "checkpoints": null,
    "lr": 0.001,
    "reg": 0.001,
    "filters_per_layer": [
      64
    ],
    "layers_per_block": 4,
    "pool_every": 3,
    "hidden_dims": [
      100
    ],
    "model_type": "cnn",
    "kw": {}
  },
  "results": {
    "num_epochs": 6,
    "train_loss": [
      1.5732006261415798,
      1.10237076123962,
      0.8663711502119098,
      0.7059368334920205,
      0.5806607172617217,
      0.46601479113711725
    ],
    "train_acc": [
      44.58,
      62.428,
      71.758,
      78.066,
      82.922,
      87.498
    ],
    "test_loss": [
      1.2490474795000241,
      1.0132006189693659,
      0.8818536427455207,
      0.9216619846158134,
      1.0073009917911249,
      1.190196532982226
    ],
    "test_acc": [
      55.55,
      63.94,
      68.59,
      68.85,
      67.67,
      64.91
    ]
  }
}