{
  "config": {
    "run_name": "exp1_2",
    "out_dir": "./results",
    "seed": 1714453448,
    "device": null,
    "bs_train": 128,
    "bs_test": 32,
    "batches": 500,
    "epochs": 100,
    "early_stopping": 3,
    "checkpoints": null,
    "lr": 0.001,
    "reg": 0.001,
    "filters_per_layer": [
      256
    ],
    "layers_per_block": 4,
    "pool_every": 3,
    "hidden_dims": [
      100
    ],
    "model_type": "cnn",
    "kw": {}
  },
  "results": {
    "num_epochs": 6,
    "train_loss": [
      1.6302499914413218,
      1.1726167979447737,
      0.9370546071120845,
      0.7854341785316272,
      0.669541438598462,
      0.5689135016992574
    ],
    "train_acc": [
      42.106,
      59.806,
      68.794,
      74.744,
      79.37,
      83.45
    ],
    "test_loss": [
      1.2880059937699535,
      1.0981162925497792,
      0.9812539741634941,
      0.988287521056093,
      1.0019254241698086,
      1.0817874774765284
    ],
    "test_acc": [
      53.89,
      61.81,
      66.01,
      67.21,
      68.04,
      67.75
    ]
  }
}