{
  "config": {
    "run_name": "exp1_2",
    "out_dir": "./results",
    "seed": 1742461427,
    "device": null,
    "bs_train": 128,
    "bs_test": 32,
    "batches": 500,
    "epochs": 100,
    "early_stopping": 3,
    "checkpoints": null,
    "lr": 0.001,
    "reg": 0.001,
    "filters_per_layer": [
      128
    ],
    "layers_per_block": 4,
    "pool_every": 3,
    "hidden_dims": [
      100
    ],
    "model_type": "cnn",
    "kw": {}
  },
  "results": {
    "num_epochs": 6,
    "train_loss": [
      1.5243166704921771,
      1.0169768903566443,
      0.7779662455896588,
      0.63814938571447,
      0.522279514681043,
      0.40413859315083156
    ],
    "train_acc": [
      47.072,
      66.364,
      75.11,
      80.606,
      85.344,
      90.038
    ],
    "test_loss": [
      1.2000102088474238,
      0.9416734768559758,
      0.8929880021479183,
      0.976307062009653,
      0.9911687054192296,
      1.1226760118533248
    ],
    "test_acc": [
      57.24,
      66.96,
      69.11,
      68.76,
      70.2,
      68.77
    ]
  }
}