{
  "config": {
    "run_name": "exp1_1",
    "out_dir": "./results",
    "seed": 303119927,
    "device": null,
    "bs_train": 128,
    "bs_test": 32,
    "batches": 50,
    "epochs": 100,
    "early_stopping": 3,
    "checkpoints": null,
    "lr": 0.001,
    "reg": 0.001,
    "filters_per_layer": [
      64
    ],
    "layers_per_block": 2,
    "pool_every": 2,
    "hidden_dims": [
      100
    ],
    "model_type": "cnn",
    "kw": {}
  },
  "results": {
    "num_epochs": 9,
    "train_loss": [
      2.0252028346061706,
      1.6286613893508912,
      1.4363391757011414,
      1.2844459009170532,
      1.151776887178421,
      1.0442173969745636,
      0.9541233277320862,
      0.8940929770469666,
      0.8223828506469727
    ],
    "train_acc": [
      27.421875,
      42.609375,
      49.84375,
      55.875,
      61.15625,
      65.390625,
      69.21875,
      71.484375,
      74.203125
    ],
    "test_loss": [
      1.7852181553840638,
      1.5916820120811463,
      1.4885869884490968,
      1.4260800218582153,
      1.355531270503998,
      1.3475207674503327,
      1.3810599398612977,
      1.4230895972251891,
      1.3670950818061829
    ],
    "test_acc": [
      35.1875,
      42.0,
      46.75,
      48.5625,
      51.0,
      51.0625,
      51.6875,
      50.75,
      52.9375
    ]
  }
}