{
  "config": {
    "run_name": "exp1_4",
    "out_dir": "./results",
    "seed": 2118806047,
    "device": null,
    "bs_train": 128,
    "bs_test": 32,
    "batches": 500,
    "epochs": 100,
    "early_stopping": 3,
    "checkpoints": null,
    "lr": 0.001,
    "reg": 0.001,
    "filters_per_layer": [
      32
    ],
    "layers_per_block": 16,
    "pool_every": 9,
    "hidden_dims": [
      100
    ],
    "model_type": "resnet",
    "kw": {}
  },
  "results": {
    "num_epochs": 10,
    "train_loss": [
      1.7102503233858386,
      1.350112238503478,
      1.1785696458328716,
      1.0316517412510064,
      0.9284119102960963,
      0.8528304385102313,
      0.7934036570436814,
      0.7393419256295695,
      0.6907860279235694,
      0.6434884434923187
    ],
    "train_acc": [
      39.57,
      52.214,
      59.024,
      64.61,
      68.534,
      71.39,
      73.708,
      75.766,
      77.616,
      79.454
    ],
    "test_loss": [
      1.45836082396035,
      1.2819673567534255,
      1.1346573890588534,
      1.0427071408341868,
      0.9827799884655986,
      0.9840908889382031,
      0.9578621858796372,
      0.9627738687367485,
      0.9730804888204264,
      1.0301736419955
    ],
    "test_acc": [
      47.32,
      54.34,
      59.7,
      62.97,
      64.63,
      65.06,
      66.71,
      66.97,
      67.46,
      67.08
    ]
  }
}