{
  "config": {
    "run_name": "exp1_2",
    "out_dir": "./results",
    "seed": 1326453050,
    "device": null,
    "bs_train": 128,
    "bs_test": 32,
    "batches": 500,
    "epochs": 100,
    "early_stopping": 3,
    "checkpoints": null,
    "lr": 0.001,
    "reg": 0.001,
    "filters_per_layer": [
      128
    ],
    "layers_per_block": 4,
    "pool_every": 3,
    "hidden_dims": [
      100
    ],
    "model_type": "cnn",
    "kw": {}
  },
  "results": {
    "num_epochs": 6,
    "train_loss": [
      1.5372214985015753,
      1.0308239834997661,
      0.771005887814495,
      0.6047263964057883,
      0.46685573123300167,
      0.3643914478285538
    ],
    "train_acc": [
      46.138,
      65.912,
      75.438,
      82.236,
      87.822,
      91.86
    ],
    "test_loss": [
      1.1816324475474251,
      0.940994431987738,
      0.8767023401709791,
      0.971633116182047,
      1.0495444684744644,
      1.2392724798129389
    ],
    "test_acc": [
      57.99,
      66.85,
      70.47,
      69.65,
      68.45,
      68.25
    ]
  }
}