{
  "config": {
    "run_name": "exp1_2",
    "out_dir": "./results",
    "seed": 643813790,
    "device": null,
    "bs_train": 128,
    "bs_test": 32,
    "batches": 500,
    "epochs": 100,
    "early_stopping": 3,
    "checkpoints": null,
    "lr": 0.001,
    "reg": 0.001,
    "filters_per_layer": [
      64
    ],
    "layers_per_block": 2,
    "pool_every": 2,
    "hidden_dims": [
      100
    ],
    "model_type": "cnn",
    "kw": {}
  },
  "results": {
    "num_epochs": 7,
    "train_loss": [
      1.4430012895018243,
      1.048895603707989,
      0.8923263920237646,
      0.7849794252754172,
      0.6885017973687643,
      0.6005850419059129,
      0.5274101419522025
    ],
    "train_acc": [
      50.092,
      64.71,
      70.51,
      74.648,
      78.4,
      81.8,
      84.622
    ],
    "test_loss": [
      1.1579353714141603,
      1.023689699630006,
      0.9565528838779218,
      0.9520725178451964,
      0.9706805552156589,
      1.0399944832721078,
      1.155687260932435
    ],
    "test_acc": [
      59.11,
      64.14,
      66.96,
      67.54,
      67.6,
      67.13,
      66.07
    ]
  }
}