{
  "config": {
    "run_name": "exp1_1",
    "out_dir": "./results",
    "seed": 498847041,
    "device": null,
    "bs_train": 128,
    "bs_test": 32,
    "batches": 50,
    "epochs": 100,
    "early_stopping": 3,
    "checkpoints": null,
    "lr": 0.001,
    "reg": 0.001,
    "filters_per_layer": [
      64
    ],
    "layers_per_block": 8,
    "pool_every": 5,
    "hidden_dims": [
      100
    ],
    "model_type": "cnn",
    "kw": {}
  },
  "results": {
    "num_epochs": 8,
    "train_loss": [
      2.234160966873169,
      1.9946043467521668,
      1.902922260761261,
      1.7564312362670897,
      1.574612934589386,
      1.4441529774665833,
      1.3220239090919494,
      1.156198034286499
    ],
    "train_acc": [
      16.3125,
      26.890625,
      30.328125,
      36.8125,
      44.234375,
      49.53125,
      54.65625,
      61.640625
    ],
    "test_loss": [
      2.069461612701416,
      1.9631032371520996,
      1.875411367416382,
      1.6763432765007018,
      1.5688894200325012,
      1.7406276082992553,
      1.6382205414772033,
      1.6605300569534303
    ],
    "test_acc": [
      23.25,
      29.0,
      31.75,
      39.375,
      42.75,
      38.75,
      41.5,
      41.625
    ]
  }
}