{
  "config": {
    "run_name": "exp1_2",
    "out_dir": "./results",
    "seed": 329789731,
    "device": null,
    "bs_train": 128,
    "bs_test": 32,
    "batches": 500,
    "epochs": 100,
    "early_stopping": 3,
    "checkpoints": null,
    "lr": 0.001,
    "reg": 0.001,
    "filters_per_layer": [
      128
    ],
    "layers_per_block": 8,
    "pool_every": 5,
    "hidden_dims": [
      100
    ],
    "model_type": "cnn",
    "kw": {}
  },
  "results": {
    "num_epochs": 8,
    "train_loss": [
      1.7809285623643099,
      1.2651787256950613,
      1.0178065737495032,
      0.8363034089507959,
      0.7117993374309881,
      0.6209029678036185,
      0.5490463281531468,
      0.47985077994253933
    ],
    "train_acc": [
      35.156,
      56.214,
      65.836,
      72.766,
      77.66,
      81.494,
      84.264,
      87.2
    ],
    "test_loss": [
      1.47269120174475,
      1.138537442150969,
      0.9719470213777341,
      0.9185443824282089,
      0.9019797152033249,
      0.9803263714043097,
      1.2196355515394728,
      1.0899611317311613
    ],
    "test_acc": [
      46.25,
      59.58,
      65.84,
      68.29,
      69.68,
      68.66,
      64.13,
      66.64
    ]
  }
}