{
  "config": {
    "run_name": "exp1_4",
    "out_dir": "./results",
    "seed": 1032275939,
    "device": null,
    "bs_train": 128,
    "bs_test": 32,
    "batches": 500,
    "epochs": 100,
    "early_stopping": 3,
    "checkpoints": null,
    "lr": 0.001,
    "reg": 0.001,
    "filters_per_layer": [
      32
    ],
    "layers_per_block": 8,
    "pool_every": 5,
    "hidden_dims": [
      100
    ],
    "model_type": "resnet",
    "kw": {}
  },
  "results": {
    "num_epochs": 10,
    "train_loss": [
      1.570684672926393,
      1.1844295386768058,
      0.9995869728915222,
      0.8735528803237563,
      0.7813068239585214,
      0.6960653379140302,
      0.630382301709841,
      0.5742511880367308,
      0.5206627830520005,
      0.46409867204668576
    ],
    "train_acc": [
      44.81,
      59.118,
      66.214,
      70.836,
      74.358,
      77.602,
      80.32,
      82.48,
      84.784,
      87.1
    ],
    "test_loss": [
      1.2841009192954238,
      1.0810979631381294,
      1.0091725066066168,
      0.9355664600769933,
      0.9238509686229328,
      0.9327499792217827,
      0.9123610920799426,
      0.9833628139175927,
      1.085589806207072,
      1.0360152399578033
    ],
    "test_acc": [
      54.55,
      61.56,
      64.45,
      67.43,
      68.04,
      68.64,
      69.37,
      67.47,
      66.32,
      68.4
    ]
  }
}