{
  "config": {
    "run_name": "exp1_4",
    "out_dir": "./results",
    "seed": 1233862774,
    "device": null,
    "bs_train": 128,
    "bs_test": 32,
    "batches": 500,
    "epochs": 100,
    "early_stopping": 3,
    "checkpoints": null,
    "lr": 0.001,
    "reg": 0.001,
    "filters_per_layer": [
      32
    ],
    "layers_per_block": 32,
    "pool_every": 17,
    "hidden_dims": [
      100
    ],
    "model_type": "resnet",
    "kw": {}
  },
  "results": {
    "num_epochs": 16,
    "train_loss": [
      1.7740902864109829,
      1.5325348182102603,
      1.4424344764646058,
      1.3860242671673866,
      1.3414834204232295,
      1.3048564665152897,
      1.2737710088720102,
      1.2464887327550318,
      1.2218893341091284,
      1.1988329297441351,
      1.1760287326010292,
      1.1568072503789917,
      1.138401048872477,
      1.1209024447004508,
      1.1038995043700919,
      1.0881801145460905
    ],
    "train_acc": [
      37.868,
      46.538,
      49.484,
      51.468,
      53.166,
      54.518,
      55.606,
      56.518,
      57.516,
      58.466,
      59.314,
      60.092,
      60.77,
      61.408,
      61.984,
      62.562
    ],
    "test_loss": [
      1.5806893258810806,
      1.4705688713457639,
      1.4282277759652549,
      1.3914582799798765,
      1.3630168036150094,
      1.340550801434075,
      1.3250038492412994,
      1.3113254560068393,
      1.3008861357030777,
      1.2895526868847613,
      1.2846833688382524,
      1.2792883003100801,
      1.2778301964552639,
      1.2779756453090583,
      1.2849422519961105,
      1.2793181334821562
    ],
    "test_acc": [
      43.77,
      47.77,
      49.42,
      50.76,
      52.09,
      53.06,
      53.64,
      54.17,
      54.65,
      54.71,
      55.0,
      54.98,
      54.9,
      55.0,
      55.02,
      55.21
    ]
  }
}