{
  "config": {
    "run_name": "exp1_1",
    "out_dir": "./results",
    "seed": 1524267438,
    "device": null,
    "bs_train": 128,
    "bs_test": 32,
    "batches": 50,
    "epochs": 100,
    "early_stopping": 3,
    "checkpoints": null,
    "lr": 0.001,
    "reg": 0.001,
    "filters_per_layer": [
      32
    ],
    "layers_per_block": 2,
    "pool_every": 2,
    "hidden_dims": [
      100
    ],
    "model_type": "cnn",
    "kw": {}
  },
  "results": {
    "num_epochs": 11,
    "train_loss": [
      2.064662609100342,
      1.6530258560180664,
      1.4796230387687683,
      1.3659348344802857,
      1.2610406589508056,
      1.1639096331596375,
      1.0754559409618378,
      1.0052229261398316,
      0.935244927406311,
      0.8681957840919494,
      0.8037466406822205
    ],
    "train_acc": [
      27.359375,
      41.546875,
      48.28125,
      52.6875,
      56.671875,
      60.546875,
      63.96875,
      66.765625,
      70.0,
      72.3125,
      74.796875
    ],
    "test_loss": [
      1.8185078167915345,
      1.6326198983192444,
      1.5404496908187866,
      1.5043256306648254,
      1.4411853075027465,
      1.4025809693336486,
      1.3971616053581237,
      1.3763104462623597,
      1.4753583598136901,
      1.4479380059242248,
      1.4083772552013398
    ],
    "test_acc": [
      36.6875,
      41.5,
      44.125,
      45.5625,
      47.4375,
      48.375,
      48.6875,
      50.4375,
      49.125,
      50.5,
      52.9375
    ]
  }
}