{
  "config": {
    "run_name": "exp1_1",
    "out_dir": "./results",
    "seed": 1701015854,
    "device": null,
    "bs_train": 128,
    "bs_test": 32,
    "batches": 50,
    "epochs": 100,
    "early_stopping": 3,
    "checkpoints": null,
    "lr": 0.001,
    "reg": 0.001,
    "filters_per_layer": [
      32
    ],
    "layers_per_block": 4,
    "pool_every": 3,
    "hidden_dims": [
      100
    ],
    "model_type": "cnn",
    "kw": {}
  },
  "results": {
    "num_epochs": 8,
    "train_loss": [
      2.1150829672813414,
      1.901448724269867,
      1.6964485907554627,
      1.5154280972480774,
      1.383476665019989,
      1.2648909878730774,
      1.1804091548919677,
      1.102212394475937
    ],
    "train_acc": [
      22.203125,
      31.46875,
      40.421875,
      46.9375,
      51.75,
      56.65625,
      61.046875,
      63.1875
    ],
    "test_loss": [
      1.9816233277320863,
      1.8908542037010192,
      1.646043722629547,
      1.5496355676651001,
      1.507253155708313,
      1.562055265903473,
      1.6017699193954469,
      1.5383805966377258
    ],
    "test_acc": [
      27.875,
      31.375,
      39.5,
      43.375,
      46.0,
      45.5625,
      45.3125,
      47.1875
    ]
  }
}