{
  "config": {
    "run_name": "exp1_2",
    "out_dir": "./results",
    "seed": 1400046325,
    "device": null,
    "bs_train": 128,
    "bs_test": 32,
    "batches": 500,
    "epochs": 100,
    "early_stopping": 3,
    "checkpoints": null,
    "lr": 0.001,
    "reg": 0.001,
    "filters_per_layer": [
      128
    ],
    "layers_per_block": 2,
    "pool_every": 2,
    "hidden_dims": [
      100
    ],
    "model_type": "cnn",
    "kw": {}
  },
  "results": {
    "num_epochs": 11,
    "train_loss": [
      1.6399087378436037,
      1.3123203360516091,
      1.205603979585116,
      1.1228084029139156,
      1.0570367937502654,
      1.0008261984266589,
      0.9551313993571054,
      0.9170217283851351,
      0.8743952416702915,
      0.8379231871241499,
      0.8052491336832266
    ],
    "train_acc": [
      42.054,
      54.218,
      58.244,
      61.354,
      63.792,
      65.832,
      67.566,
      68.936,
      70.462,
      71.804,
      73.058
    ],
    "test_loss": [
      1.368287553992896,
      1.2683409599069588,
      1.2062147634859663,
      1.1857867987392048,
      1.1757339766612067,
      1.1720931981318294,
      1.1721959986244908,
      1.1087595919450632,
      1.1130477140505854,
      1.1237491576816327,
      1.1388372289486968
    ],
    "test_acc": [
      50.68,
      55.2,
      56.98,
      57.61,
      57.86,
      58.75,
      59.34,
      61.41,
      61.97,
      62.25,
      62.08
    ]
  }
}