{
  "config": {
    "run_name": "exp1_2",
    "out_dir": "./results",
    "seed": 1259163544,
    "device": null,
    "bs_train": 128,
    "bs_test": 32,
    "batches": 500,
    "epochs": 100,
    "early_stopping": 3,
    "checkpoints": null,
    "lr": 0.001,
    "reg": 0.001,
    "filters_per_layer": [
      64
    ],
    "layers_per_block": 8,
    "pool_every": 5,
    "hidden_dims": [
      100
    ],
    "model_type": "cnn",
    "kw": {}
  },
  "results": {
    "num_epochs": 6,
    "train_loss": [
      1.749327142525207,
      1.223347428966971,
      0.9684923974144489,
      0.806644020178129,
      0.6757648589513491,
      0.5745280837768789
    ],
    "train_acc": [
      37.492,
      58.04,
      67.89,
      74.206,
      79.624,
      83.784
    ],
    "test_loss": [
      1.3603849045384806,
      1.098733101028223,
      0.9517307098681173,
      0.9674597167359373,
      0.9731499223282543,
      1.1815254516875782
    ],
    "test_acc": [
      50.3,
      60.89,
      66.58,
      67.34,
      67.38,
      64.35
    ]
  }
}