{
  "config": {
    "run_name": "exp1_2",
    "out_dir": "./results",
    "seed": 367564157,
    "device": null,
    "bs_train": 128,
    "bs_test": 32,
    "batches": 500,
    "epochs": 100,
    "early_stopping": 3,
    "checkpoints": null,
    "lr": 0.001,
    "reg": 0.001,
    "filters_per_layer": [
      32
    ],
    "layers_per_block": 8,
    "pool_every": 5,
    "hidden_dims": [
      100
    ],
    "model_type": "cnn",
    "kw": {}
  },
  "results": {
    "num_epochs": 8,
    "train_loss": [
      1.9237849206265891,
      1.4488921686816398,
      1.2463882164577085,
      1.1063694466105507,
      0.9973416477822892,
      0.8964312639077912,
      0.8160559747682508,
      0.739881905219744
    ],
    "train_acc": [
      29.394,
      48.894,
      56.85,
      62.328,
      66.58,
      70.708,
      74.056,
      77.186
    ],
    "test_loss": [
      1.561113246142293,
      1.367714735456168,
      1.2451194416219815,
      1.1660282775616875,
      1.165088741543194,
      1.2073409862030808,
      1.2555128987223958,
      1.2592718606939712
    ],
    "test_acc": [
      43.28,
      51.72,
      55.96,
      58.9,
      59.3,
      59.86,
      59.67,
      59.63
    ]
  }
}