{
  "config": {
    "run_name": "exp1_4",
    "out_dir": "./results",
    "seed": 140072967,
    "device": null,
    "bs_train": 128,
    "bs_test": 32,
    "batches": 500,
    "epochs": 100,
    "early_stopping": 3,
    "checkpoints": null,
    "lr": 0.001,
    "reg": 0.001,
    "filters_per_layer": [
      32
    ],
    "layers_per_block": 16,
    "pool_every": 9,
    "hidden_dims": [
      100
    ],
    "model_type": "resnet",
    "kw": {}
  },
  "results": {
    "num_epochs": 12,
    "train_loss": [
      1.6517159286362435,
      1.3168465664319675,
      1.145649314841346,
      1.019898426197374,
      0.9268231277575578,
      0.8480724841737382,
      0.7814849985530005,
      0.7216998587179062,
      0.6698479632587384,
      0.6228838085061144,
      0.5700471491155112,
      0.5249175476601057
    ],
    "train_acc": [
      42.054,
      53.884,
      60.846,
      65.384,
      68.84,
      71.788,
      74.276,
      76.602,
      78.736,
      80.592,
      82.632,
      84.392
    ],
    "test_loss": [
      1.4273889975045055,
      1.248635170368341,
      1.1100930815306715,
      1.0431477259904052,
      0.9980073496937371,
      0.969433913596522,
      0.9577300949408986,
      0.9302458427965451,
      0.9117676045376653,
      0.973392728609018,
      1.0396182080046437,
      1.0163637203530382
    ],
    "test_acc": [
      48.78,
      55.68,
      61.03,
      62.69,
      64.79,
      66.45,
      67.07,
      67.83,
      69.11,
      67.74,
      66.27,
      67.29
    ]
  }
}