{
  "config": {
    "run_name": "exp1_4",
    "out_dir": "./results",
    "seed": 1755301020,
    "device": null,
    "bs_train": 128,
    "bs_test": 32,
    "batches": 500,
    "epochs": 100,
    "early_stopping": 3,
    "checkpoints": null,
    "lr": 0.001,
    "reg": 0.001,
    "filters_per_layer": [
      32
    ],
    "layers_per_block": 32,
    "pool_every": 17,
    "hidden_dims": [
      100
    ],
    "model_type": "resnet",
    "kw": {}
  },
  "results": {
    "num_epochs": 15,
    "train_loss": [
      1.723779031077919,
      1.4977838453429435,
      1.4140320016295098,
      1.3566218413355406,
      1.3123643480603346,
      1.2757121022704923,
      1.243998537435556,
      1.21507032585266,
      1.189652627233959,
      1.1672195857748047,
      1.146682195193932,
      1.1267742944495451,
      1.1086110490972123,
      1.0921105821724133,
      1.07558401999876
    ],
    "train_acc": [
      40.196,
      47.83,
      50.83,
      52.812,
      54.362,
      55.586,
      56.822,
      57.968,
      58.926,
      59.8,
      60.462,
      61.226,
      61.74,
      62.41,
      63.074
    ],
    "test_loss": [
      1.550738705994603,
      1.4492043230099418,
      1.400568366812441,
      1.3700202107429504,
      1.3434066736279204,
      1.32420323279719,
      1.3093083657014866,
      1.304361889537531,
      1.298332040492719,
      1.2930850011472124,
      1.2829849746661446,
      1.281021883693366,
      1.2856481147650332,
      1.2844393196197363,
      1.28881751081814
    ],
    "test_acc": [
      44.67,
      48.66,
      50.22,
      51.26,
      52.7,
      52.78,
      53.32,
      53.5,
      53.86,
      54.18,
      54.57,
      54.7,
      54.48,
      54.68,
      54.62
    ]
  }
}