{
  "config": {
    "run_name": "exp1_3",
    "out_dir": "./results",
    "seed": 1822033189,
    "device": null,
    "bs_train": 128,
    "bs_test": 32,
    "batches": 500,
    "epochs": 100,
    "early_stopping": 3,
    "checkpoints": null,
    "lr": 0.001,
    "reg": 0.001,
    "filters_per_layer": [
      64,
      128,
      256
    ],
    "layers_per_block": 2,
    "pool_every": 2,
    "hidden_dims": [
      100
    ],
    "model_type": "cnn",
    "kw": {}
  },
  "results": {
    "num_epochs": 9,
    "train_loss": [
      1.6512527176181373,
      1.1021560836021247,
      0.8689772334245159,
      0.7182968800025218,
      0.6120493652875466,
      0.5371218255871092,
      0.47277032002768554,
      0.41506964658074974,
      0.35500952940615244
    ],
    "train_acc": [
      40.632,
      62.668,
      71.23,
      77.146,
      81.092,
      84.158,
      86.828,
      89.196,
      91.506
    ],
    "test_loss": [
      1.2358621101790723,
      1.052257123275306,
      0.85363899566495,
      0.8156387238456799,
      0.8144410868612723,
      0.79532025206965,
      0.8792525579373296,
      0.9588217811462597,
      1.0505155944310056
    ],
    "test_acc": [
      54.77,
      63.77,
      70.85,
      72.24,
      72.56,
      74.19,
      72.6,
      72.58,
      72.88
    ]
  }
}