{
  "config": {
    "run_name": "exp1_4",
    "out_dir": "./results",
    "seed": 231141999,
    "device": null,
    "bs_train": 128,
    "bs_test": 32,
    "batches": 500,
    "epochs": 100,
    "early_stopping": 3,
    "checkpoints": null,
    "lr": 0.001,
    "reg": 0.001,
    "filters_per_layer": [
      64,
      128,
      256
    ],
    "layers_per_block": 2,
    "pool_every": 2,
    "hidden_dims": [
      100
    ],
    "model_type": "resnet",
    "kw": {}
  },
  "results": {
    "num_epochs": 7,
    "train_loss": [
      1.5166356830340821,
      0.9901489043784568,
      0.7737217819141915,
      0.6268966511997116,
      0.5075206438751172,
      0.4176274204193174,
      0.3504041625029596
    ],
    "train_acc": [
      46.02,
      67.236,
      75.422,
      81.124,
      85.838,
      89.69,
      92.252
    ],
    "test_loss": [
      1.1263840651740662,
      0.9171350041327004,
      0.8001565720897894,
      0.7577962203623768,
      0.7808387946492186,
      0.8767425555485887,
      0.8990734887484926
    ],
    "test_acc": [
      60.19,
      67.61,
      72.41,
      75.02,
      75.31,
      73.6,
      73.76
    ]
  }
}