{
  "config": {
    "run_name": "exp1_2",
    "out_dir": "./results",
    "seed": 1631398834,
    "device": null,
    "bs_train": 128,
    "bs_test": 32,
    "batches": 500,
    "epochs": 100,
    "early_stopping": 3,
    "checkpoints": null,
    "lr": 0.001,
    "reg": 0.001,
    "filters_per_layer": [
      256
    ],
    "layers_per_block": 2,
    "pool_every": 2,
    "hidden_dims": [
      100
    ],
    "model_type": "cnn",
    "kw": {}
  },
  "results": {
    "num_epochs": 7,
    "train_loss": [
      1.5016839434118832,
      1.1454469592065153,
      1.00231385322483,
      0.8971840798702386,
      0.8110607815215655,
      0.7394964432777347,
      0.6798482223240006
    ],
    "train_acc": [
      47.732,
      61.002,
      66.13,
      70.044,
      73.38,
      76.1,
      78.59
    ],
    "test_loss": [
      1.24981208483632,
      1.1317086097912286,
      1.0508446958118354,
      1.0140052165467137,
      1.0181109766228893,
      1.0437819512126545,
      1.1005550735293868
    ],
    "test_acc": [
      55.95,
      60.12,
      63.07,
      65.03,
      65.01,
      65.12,
      64.32
    ]
  }
}