{
  "config": {
    "run_name": "exp1_2",
    "out_dir": "./results",
    "seed": 385581244,
    "device": null,
    "bs_train": 128,
    "bs_test": 32,
    "batches": 500,
    "epochs": 100,
    "early_stopping": 3,
    "checkpoints": null,
    "lr": 0.001,
    "reg": 0.001,
    "filters_per_layer": [
      256
    ],
    "layers_per_block": 8,
    "pool_every": 5,
    "hidden_dims": [
      100
    ],
    "model_type": "cnn",
    "kw": {}
  },
  "results": {
    "num_epochs": 8,
    "train_loss": [
      1.817488861815704,
      1.3334570755739041,
      1.0184403307297651,
      0.8272153149785288,
      0.6901505763268532,
      0.5660131000496847,
      0.474899249270444,
      0.39425213257674974
    ],
    "train_acc": [
      33.656,
      53.634,
      66.032,
      73.348,
      79.156,
      84.066,
      87.868,
      90.852
    ],
    "test_loss": [
      1.482861217218466,
      1.1314819872188873,
      0.9742738054202388,
      0.9408000706674192,
      0.9271916617600682,
      1.0139325826693648,
      1.0947546330503761,
      1.259682062715768
    ],
    "test_acc": [
      46.2,
      58.87,
      65.91,
      67.86,
      69.44,
      67.06,
      67.78,
      66.33
    ]
  }
}