{
  "config": {
    "run_name": "exp1_3",
    "out_dir": "./results",
    "seed": 1682232436,
    "device": null,
    "bs_train": 128,
    "bs_test": 32,
    "batches": 500,
    "epochs": 100,
    "early_stopping": 3,
    "checkpoints": null,
    "lr": 0.001,
    "reg": 0.001,
    "filters_per_layer": [
      64,
      128,
      256
    ],
    "layers_per_block": 3,
    "pool_every": 2,
    "hidden_dims": [
      100
    ],
    "model_type": "cnn",
    "kw": {}
  },
  "results": {
    "num_epochs": 9,
    "train_loss": [
      1.8579962805408956,
      1.3951131803605257,
      1.1149671719507184,
      0.9082600555151624,
      0.7672681831337912,
      0.6672471917193868,
      0.6007426410837247,
      0.5332724654765995,
      0.4755011046938884
    ],
    "train_acc": [
      31.512,
      50.394,
      61.946,
      70.112,
      75.826,
      79.724,
      82.402,
      85.098,
      87.404
    ],
    "test_loss": [
      1.5815845796475396,
      1.3107152059436225,
      1.0697232938041321,
      0.9909379660321501,
      0.8719861413152835,
      0.7913215445062984,
      0.7980462283181687,
      0.8119283527040634,
      0.8376555060997558
    ],
    "test_acc": [
      41.71,
      52.41,
      62.21,
      66.26,
      70.47,
      73.16,
      74.0,
      73.91,
      74.04
    ]
  }
}