{
  "config": {
    "run_name": "exp1_1",
    "out_dir": "./results",
    "seed": 1183172661,
    "device": null,
    "bs_train": 128,
    "bs_test": 32,
    "batches": 50,
    "epochs": 100,
    "early_stopping": 3,
    "checkpoints": null,
    "lr": 0.001,
    "reg": 0.001,
    "filters_per_layer": [
      32
    ],
    "layers_per_block": 16,
    "pool_every": 9,
    "hidden_dims": [
      100
    ],
    "model_type": "cnn",
    "kw": {}
  },
  "results": {
    "num_epochs": 5,
    "train_loss": [
      2.304056615829468,
      2.3027147674560546,
      2.3024172735214234,
      2.3023287153244016,
      2.3022848081588747
    ],
    "train_acc": [
      10.75,
      10.03125,
      10.015625,
      9.796875,
      10.265625
    ],
    "test_loss": [
      2.3026121282577514,
      2.302488341331482,
      2.302586522102356,
      2.3026991367340086,
      2.3027429151535035
    ],
    "test_acc": [
      9.8125,
      9.8125,
      9.8125,
      11.0625,
      9.8125
    ]
  }
}