{
  "config": {
    "run_name": "exp1_2",
    "out_dir": "./results",
    "seed": 1211252270,
    "device": null,
    "bs_train": 128,
    "bs_test": 32,
    "batches": 500,
    "epochs": 100,
    "early_stopping": 3,
    "checkpoints": null,
    "lr": 0.001,
    "reg": 0.001,
    "filters_per_layer": [
      32
    ],
    "layers_per_block": 8,
    "pool_every": 5,
    "hidden_dims": [
      100
    ],
    "model_type": "cnn",
    "kw": {}
  },
  "results": {
    "num_epochs": 7,
    "train_loss": [
      1.8086311237891313,
      1.3460714874974906,
      1.1355879203132961,
      0.9901707704414797,
      0.8699657569455979,
      0.7808446603662828,
      0.7099244787412531
    ],
    "train_acc": [
      34.638,
      53.162,
      61.054,
      66.95,
      71.718,
      75.586,
      78.528
    ],
    "test_loss": [
      1.4840608385805123,
      1.2656795591972887,
      1.1560933938422524,
      1.1395453104195885,
      1.147670725854441,
      1.160102561068611,
      1.248140758694932
    ],
    "test_acc": [
      47.0,
      55.37,
      59.54,
      61.73,
      61.94,
      61.8,
      60.92
    ]
  }
}