{
  "config": {
    "run_name": "exp1_4",
    "out_dir": "./results",
    "seed": 123480553,
    "device": null,
    "bs_train": 128,
    "bs_test": 32,
    "batches": 500,
    "epochs": 100,
    "early_stopping": 3,
    "checkpoints": null,
    "lr": 0.001,
    "reg": 0.001,
    "filters_per_layer": [
      32
    ],
    "layers_per_block": 8,
    "pool_every": 5,
    "hidden_dims": [
      100
    ],
    "model_type": "resnet",
    "kw": {}
  },
  "results": {
    "num_epochs": 8,
    "train_loss": [
      1.6252214682986363,
      1.2240314279370905,
      1.0159018160132192,
      0.8717425697294953,
      0.7641713623043216,
      0.675633278801618,
      0.6042303686861492,
      0.5487485501314978
    ],
    "train_acc": [
      42.568,
      57.596,
      65.662,
      71.05,
      75.04,
      78.412,
      81.222,
      83.546
    ],
    "test_loss": [
      1.3411000043439407,
      1.1195531455091774,
      1.0084376710291487,
      0.9366227486453498,
      0.8960198748606844,
      0.8982623344221816,
      0.9804278186525399,
      1.0162827721038186
    ],
    "test_acc": [
      51.4,
      60.37,
      64.5,
      67.47,
      69.45,
      69.91,
      68.11,
      68.6
    ]
  }
}