{
  "config": {
    "run_name": "exp1_2",
    "out_dir": "./results",
    "seed": 1722917603,
    "device": null,
    "bs_train": 128,
    "bs_test": 32,
    "batches": 500,
    "epochs": 100,
    "early_stopping": 3,
    "checkpoints": null,
    "lr": 0.001,
    "reg": 0.001,
    "filters_per_layer": [
      256
    ],
    "layers_per_block": 8,
    "pool_every": 5,
    "hidden_dims": [
      100
    ],
    "model_type": "cnn",
    "kw": {}
  },
  "results": {
    "num_epochs": 8,
    "train_loss": [
      1.775455211739406,
      1.2909584917375803,
      1.0170442522944088,
      0.8081849733429491,
      0.6603563089504876,
      0.5472087569706275,
      0.4748685340137433,
      0.4017245569040098
    ],
    "train_acc": [
      35.176,
      55.132,
      66.328,
      74.116,
      80.142,
      85.064,
      88.088,
      90.604
    ],
    "test_loss": [
      1.4046380220891568,
      1.1273945735666318,
      0.957879802955987,
      0.8692510412714352,
      0.8578766786252348,
      1.0497648448418504,
      1.187793895745049,
      1.4645561212167952
    ],
    "test_acc": [
      48.48,
      59.51,
      66.61,
      69.94,
      71.17,
      67.11,
      64.9,
      65.72
    ]
  }
}