{
  "config": {
    "run_name": "exp1_4",
    "out_dir": "./results",
    "seed": 1109179283,
    "device": null,
    "bs_train": 128,
    "bs_test": 32,
    "batches": 500,
    "epochs": 100,
    "early_stopping": 3,
    "checkpoints": null,
    "lr": 0.001,
    "reg": 0.001,
    "filters_per_layer": [
      64,
      128,
      256
    ],
    "layers_per_block": 2,
    "pool_every": 2,
    "hidden_dims": [
      100
    ],
    "model_type": "resnet",
    "kw": {}
  },
  "results": {
    "num_epochs": 9,
    "train_loss": [
      1.5944477505696095,
      1.0146332101138962,
      0.7958672097729295,
      0.6479245110241043,
      0.5363295823716752,
      0.4490872666125407,
      0.38006369380847266,
      0.30861930442435664,
      0.24654601986908242
    ],
    "train_acc": [
      42.98,
      66.298,
      74.366,
      80.218,
      84.74,
      88.408,
      91.162,
      93.778,
      95.814
    ],
    "test_loss": [
      1.1234542952178004,
      0.8832003457096819,
      0.8219333200599439,
      0.8123603932583294,
      0.8231452264534399,
      0.755815174823371,
      0.8374904432235816,
      0.9176870790152504,
      1.0108989977512877
    ],
    "test_acc": [
      59.96,
      69.15,
      71.46,
      72.09,
      72.97,
      76.0,
      75.0,
      74.59,
      74.7
    ]
  }
}