{
  "config": {
    "run_name": "exp1_1",
    "out_dir": "./results",
    "seed": 771701314,
    "device": null,
    "bs_train": 128,
    "bs_test": 32,
    "batches": 50,
    "epochs": 100,
    "early_stopping": 3,
    "checkpoints": null,
    "lr": 0.001,
    "reg": 0.001,
    "filters_per_layer": [
      64
    ],
    "layers_per_block": 4,
    "pool_every": 3,
    "hidden_dims": [
      100
    ],
    "model_type": "cnn",
    "kw": {}
  },
  "results": {
    "num_epochs": 8,
    "train_loss": [
      2.091824219226837,
      1.714318265914917,
      1.5321196746826171,
      1.3833236861228944,
      1.2193179368972777,
      1.071471747159958,
      0.9776522302627564,
      0.8977741622924804
    ],
    "train_acc": [
      26.046875,
      39.40625,
      45.359375,
      52.015625,
      59.265625,
      64.546875,
      69.21875,
      72.8125
    ],
    "test_loss": [
      1.9023510527610779,
      1.6649588441848755,
      1.632588701248169,
      1.5234689569473268,
      1.4973748016357422,
      1.659033284187317,
      1.6680374813079835,
      1.6865449571609497
    ],
    "test_acc": [
      31.1875,
      38.5,
      40.875,
      44.8125,
      45.25,
      43.9375,
      44.5625,
      43.6875
    ]
  }
}