{
  "config": {
    "run_name": "exp1_1",
    "out_dir": "./results",
    "seed": 1838289216,
    "device": null,
    "bs_train": 128,
    "bs_test": 32,
    "batches": 50,
    "epochs": 100,
    "early_stopping": 3,
    "checkpoints": null,
    "lr": 0.001,
    "reg": 0.001,
    "filters_per_layer": [
      64
    ],
    "layers_per_block": 4,
    "pool_every": 3,
    "hidden_dims": [
      100
    ],
    "model_type": "cnn",
    "kw": {}
  },
  "results": {
    "num_epochs": 8,
    "train_loss": [
      2.101769070625305,
      1.7244454979896546,
      1.549814829826355,
      1.4164403128623961,
      1.2818489503860473,
      1.162630753517151,
      1.037906379699707,
      0.9263112998008728
    ],
    "train_acc": [
      23.59375,
      38.640625,
      45.34375,
      50.5,
      56.53125,
      61.546875,
      66.28125,
      69.6875
    ],
    "test_loss": [
      1.9127193641662599,
      1.6584120392799377,
      1.581665542125702,
      1.535490026473999,
      1.4275846600532531,
      1.4410823619365691,
      1.5205637514591217,
      1.6090020656585693
    ],
    "test_acc": [
      31.1875,
      39.5,
      42.625,
      44.375,
      49.3125,
      49.4375,
      48.375,
      50.25
    ]
  }
}