{
  "config": {
    "run_name": "exp1_2",
    "out_dir": "./results",
    "seed": 568448847,
    "device": null,
    "bs_train": 128,
    "bs_test": 32,
    "batches": 500,
    "epochs": 100,
    "early_stopping": 3,
    "checkpoints": null,
    "lr": 0.001,
    "reg": 0.001,
    "filters_per_layer": [
      32
    ],
    "layers_per_block": 2,
    "pool_every": 2,
    "hidden_dims": [
      100
    ],
    "model_type": "cnn",
    "kw": {}
  },
  "results": {
    "num_epochs": 8,
    "train_loss": [
      1.504247245886137,
      1.1306773921108002,
      0.9743982567201794,
      0.8658553916779931,
      0.7835092099426347,
      0.7128457446080034,
      0.6433219116209717,
      0.5740142800771367
    ],
    "train_acc": [
      47.536,
      61.262,
      67.146,
      71.156,
      74.21,
      77.038,
      79.592,
      82.376
    ],
    "test_loss": [
      1.2382839335420261,
      1.086079911492503,
      1.0074392677115176,
      0.9760923373242156,
      0.9611030983658263,
      1.0088309828465738,
      1.0378178142891905,
      1.0321061834930993
    ],
    "test_acc": [
      56.6,
      61.88,
      64.8,
      66.08,
      66.65,
      66.15,
      65.68,
      65.83
    ]
  }
}