{
  "config": {
    "run_name": "exp1_2",
    "out_dir": "./results",
    "seed": 1881254584,
    "device": null,
    "bs_train": 128,
    "bs_test": 32,
    "batches": 500,
    "epochs": 100,
    "early_stopping": 3,
    "checkpoints": null,
    "lr": 0.001,
    "reg": 0.001,
    "filters_per_layer": [
      128
    ],
    "layers_per_block": 8,
    "pool_every": 5,
    "hidden_dims": [
      100
    ],
    "model_type": "cnn",
    "kw": {}
  },
  "results": {
    "num_epochs": 7,
    "train_loss": [
      1.8677004587924695,
      1.3512251810039706,
      1.0754990246899598,
      0.8602507335450643,
      0.7125005115328542,
      0.6083969476125429,
      0.5089120733768434
    ],
    "train_acc": [
      31.402,
      52.836,
      63.964,
      72.336,
      78.128,
      82.68,
      86.488
    ],
    "test_loss": [
      1.4852256388329088,
      1.2094504128629788,
      1.0340399456481202,
      0.9816583254085943,
      1.01320112960788,
      1.070561740725947,
      1.1197083083014139
    ],
    "test_acc": [
      45.8,
      57.36,
      64.33,
      66.56,
      67.18,
      67.12,
      67.26
    ]
  }
}