{
  "config": {
    "run_name": "exp1_3",
    "out_dir": "./results",
    "seed": 931573128,
    "device": null,
    "bs_train": 128,
    "bs_test": 32,
    "batches": 500,
    "epochs": 100,
    "early_stopping": 3,
    "checkpoints": null,
    "lr": 0.001,
    "reg": 0.001,
    "filters_per_layer": [
      64,
      128,
      256
    ],
    "layers_per_block": 1,
    "pool_every": 1,
    "hidden_dims": [
      100
    ],
    "model_type": "cnn",
    "kw": {}
  },
  "results": {
    "num_epochs": 9,
    "train_loss": [
      1.5190986833913858,
      1.0808267299171603,
      0.8846685712599693,
      0.7641032179603187,
      0.6701780869375409,
      0.5916818541181667,
      0.5123394319925771,
      0.4441840492398538,
      0.3995502710418628
    ],
    "train_acc": [
      46.346,
      63.26,
      70.912,
      75.434,
      78.988,
      81.67,
      84.736,
      87.462,
      89.182
    ],
    "test_loss": [
      1.2190853620108706,
      1.002550205293174,
      0.892538241589793,
      0.8255887290540214,
      0.8266975277909836,
      0.7734580411316868,
      0.7843740168280495,
      0.862046806576153,
      1.01202691820102
    ],
    "test_acc": [
      57.13,
      64.99,
      68.88,
      71.83,
      72.58,
      74.42,
      74.68,
      72.99,
      70.98
    ]
  }
}