{
  "config": {
    "run_name": "exp1_2",
    "out_dir": "./results",
    "seed": 787910171,
    "device": null,
    "bs_train": 128,
    "bs_test": 32,
    "batches": 500,
    "epochs": 100,
    "early_stopping": 3,
    "checkpoints": null,
    "lr": 0.001,
    "reg": 0.001,
    "filters_per_layer": [
      64
    ],
    "layers_per_block": 2,
    "pool_every": 2,
    "hidden_dims": [
      100
    ],
    "model_type": "cnn",
    "kw": {}
  },
  "results": {
    "num_epochs": 8,
    "train_loss": [
      1.491969062849079,
      1.1190821668680977,
      0.9609855882956854,
      0.8520186433706747,
      0.7613235850773199,
      0.6863371653629996,
      0.6274945126927417,
      0.5703454692193004
    ],
    "train_acc": [
      47.918,
      61.86,
      67.854,
      71.782,
      75.218,
      78.008,
      80.456,
      82.82
    ],
    "test_loss": [
      1.2338462601454494,
      1.0610713130368974,
      0.9992327874841781,
      0.9548450786465654,
      0.9501278133818898,
      0.9884119252808178,
      1.0876355279748813,
      1.1207124010061684
    ],
    "test_acc": [
      56.92,
      62.9,
      65.09,
      66.91,
      67.55,
      66.72,
      65.18,
      65.34
    ]
  }
}