{
  "config": {
    "run_name": "exp1_1",
    "out_dir": "./results",
    "seed": 1169995094,
    "device": null,
    "bs_train": 128,
    "bs_test": 32,
    "batches": 50,
    "epochs": 100,
    "early_stopping": 3,
    "checkpoints": null,
    "lr": 0.001,
    "reg": 0.001,
    "filters_per_layer": [
      32
    ],
    "layers_per_block": 8,
    "pool_every": 5,
    "hidden_dims": [
      100
    ],
    "model_type": "cnn",
    "kw": {}
  },
  "results": {
    "num_epochs": 8,
    "train_loss": [
      2.2567133617401125,
      1.9836820697784423,
      1.8495409989356995,
      1.687791521549225,
      1.4973161554336547,
      1.3541199731826783,
      1.2443312621116638,
      1.1223785626888274
    ],
    "train_acc": [
      15.234375,
      27.609375,
      31.84375,
      40.0,
      47.5,
      53.734375,
      59.234375,
      64.328125
    ],
    "test_loss": [
      2.153828921318054,
      1.9372941303253173,
      1.8365986227989197,
      1.6684313225746155,
      1.599265034198761,
      1.7062591195106507,
      1.6722283887863159,
      1.7684270906448365
    ],
    "test_acc": [
      23.375,
      27.1875,
      31.1875,
      40.0,
      42.625,
      41.0,
      43.125,
      41.8125
    ]
  }
}