{
  "config": {
    "run_name": "exp1_4",
    "out_dir": "./results",
    "seed": 1902170461,
    "device": null,
    "bs_train": 128,
    "bs_test": 32,
    "batches": 500,
    "epochs": 100,
    "early_stopping": 3,
    "checkpoints": null,
    "lr": 0.001,
    "reg": 0.001,
    "filters_per_layer": [
      64,
      128,
      256
    ],
    "layers_per_block": 4,
    "pool_every": 3,
    "hidden_dims": [
      100
    ],
    "model_type": "resnet",
    "kw": {}
  },
  "results": {
    "num_epochs": 8,
    "train_loss": [
      1.7348901005962012,
      1.2126503310849905,
      0.9417006048704962,
      0.7604871515727714,
      0.6240723646815171,
      0.5438521556994494,
      0.48089099098044585,
      0.42125528650667965
    ],
    "train_acc": [
      36.402,
      58.526,
      69.462,
      76.162,
      81.808,
      85.382,
      88.338,
      90.902
    ],
    "test_loss": [
      1.402604465477002,
      1.034299344300462,
      0.948218190251067,
      0.8444826520098665,
      0.8054908380721705,
      0.8186209053277208,
      0.8554853257089378,
      0.8421622129579702
    ],
    "test_acc": [
      47.96,
      62.81,
      67.52,
      71.04,
      73.0,
      73.44,
      73.31,
      73.6
    ]
  }
}