{
  "config": {
    "run_name": "exp1_2",
    "out_dir": "./results",
    "seed": 1365374007,
    "device": null,
    "bs_train": 128,
    "bs_test": 32,
    "batches": 500,
    "epochs": 100,
    "early_stopping": 3,
    "checkpoints": null,
    "lr": 0.001,
    "reg": 0.001,
    "filters_per_layer": [
      64
    ],
    "layers_per_block": 8,
    "pool_every": 5,
    "hidden_dims": [
      100
    ],
    "model_type": "cnn",
    "kw": {}
  },
  "results": {
    "num_epochs": 6,
    "train_loss": [
      1.7179654470794952,
      1.1463109991129707,
      0.8749214015958254,
      0.7158159570925681,
      0.6112789841716552,
      0.528297195349203
    ],
    "train_acc": [
      39.08,
      61.368,
      71.562,
      77.814,
      82.258,
      85.502
    ],
    "test_loss": [
      1.2945742601403794,
      1.0321066516656845,
      0.9344106408925102,
      0.9935069379334251,
      1.045979487343718,
      1.2037530140564465
    ],
    "test_acc": [
      53.67,
      64.23,
      67.64,
      67.4,
      66.55,
      65.44
    ]
  }
}