{
  "config": {
    "run_name": "exp1_2",
    "out_dir": "./results",
    "seed": 908976534,
    "device": null,
    "bs_train": 128,
    "bs_test": 32,
    "batches": 500,
    "epochs": 100,
    "early_stopping": 3,
    "checkpoints": null,
    "lr": 0.001,
    "reg": 0.001,
    "filters_per_layer": [
      32
    ],
    "layers_per_block": 4,
    "pool_every": 3,
    "hidden_dims": [
      100
    ],
    "model_type": "cnn",
    "kw": {}
  },
  "results": {
    "num_epochs": 8,
    "train_loss": [
      1.5768546649562123,
      1.195693984360951,
      1.0163169785228836,
      0.882298886928412,
      0.7729236810561031,
      0.677748841245461,
      0.5977853831580228,
      0.5371201656511068
    ],
    "train_acc": [
      44.4,
      58.822,
      65.832,
      70.976,
      75.134,
      78.798,
      82.062,
      84.428
    ],
    "test_loss": [
      1.2877808622658824,
      1.1429578589555174,
      1.05824294752968,
      1.0163283557556688,
      0.9930937127373851,
      1.0400329771133277,
      1.1357141453237198,
      1.2376552892569155
    ],
    "test_acc": [
      53.97,
      59.18,
      63.2,
      64.76,
      66.03,
      66.32,
      64.85,
      64.16
    ]
  }
}