{
  "config": {
    "run_name": "exp2",
    "out_dir": "./results",
    "seed": 1096406378,
    "device": null,
    "bs_train": 512,
    "bs_test": 128,
    "batches": 500,
    "epochs": 100,
    "early_stopping": 5,
    "checkpoints": null,
    "lr": 0.0001,
    "reg": 0.001,
    "filters_per_layer": [
      32,
      64,
      128
    ],
    "layers_per_block": 3,
    "pool_every": 2,
    "hidden_dims": [
      100
    ],
    "model_type": "ycn",
    "kw": {}
  },
  "results": {
    "num_epochs": 35,
    "train_loss": [
      2.0034826823643277,
      1.601520091903453,
      1.4361466935702734,
      1.3176871161071622,
      1.2331642082759313,
      1.1597845955770842,
      1.094676754304341,
      1.0360768279250787,
      0.9892431613133879,
      0.9417296094553811,
      0.9013793395490063,
      0.8671345844560739,
      0.8332839675095617,
      0.8033302341188703,
      0.7758150781903949,
      0.7501842549868992,
      0.7273056215169479,
      0.7024826936575831,
      0.6795259020766433,
      0.6557303685314801,
      0.6382866653860831,
      0.6246902027300426,
      0.6023249577502815,
      0.5876242576205001,
      0.5707868583956544,
      0.5534317830995638,
      0.5365750978187639,
      0.5201689099170723,
      0.503925448473619,
      0.49807510175267045,
      0.48093901696253794,
      0.4700146183675649,
      0.4523690659172681,
      0.43946769894385823,
      0.42441921148981365
    ],
    "train_acc": [
      27.702,
      41.688,
      48.018,
      52.434,
      56.098,
      58.64,
      61.3,
      63.192,
      64.912,
      66.63,
      67.936,
      69.508,
      70.766,
      71.868,
      72.736,
      73.842,
      74.56,
      75.89,
      76.24,
      77.13,
      77.632,
      78.076,
      78.914,
      79.814,
      80.348,
      81.092,
      81.456,
      81.892,
      82.436,
      82.688,
      83.228,
      83.772,
      84.332,
      84.632,
      85.074
    ],
    "test_loss": [
      1.740881349467024,
      1.4823535680770874,
      1.3166232154339175,
      1.215183657935903,
      1.1340309856813164,
      1.080002347879772,
      1.0377953376951097,
      0.9828796545161477,
      0.957469031780581,
      0.9081159347220312,
      0.8787810055515434,
      0.8539043823374978,
      0.8351919666121278,
      0.812790468523774,
      0.8041372970689701,
      0.7948591226263891,
      0.7745647694491133,
      0.764758604236796,
      0.7436110377311707,
      0.73254010722607,
      0.7209872150722938,
      0.7090875423407252,
      0.7107180538056772,
      0.7073437737513192,
      0.692803829908371,
      0.6966309841675095,
      0.7002046530759787,
      0.6963555420501323,
      0.6904524410072761,
      0.6872125999836982,
      0.6895460452460036,
      0.6901300070406515,
      0.6898969589154932,
      0.6926925182342529,
      0.6946556285212312
    ],
    "test_acc": [
      35.54,
      45.81,
      52.1,
      55.88,
      59.25,
      61.54,
      62.85,
      64.8,
      65.82,
      67.52,
      68.72,
      69.79,
      70.54,
      71.74,
      71.97,
      72.54,
      73.0,
      73.33,
      74.35,
      74.71,
      75.17,
      75.61,
      75.48,
      75.96,
      76.54,
      76.64,
      76.64,
      76.78,
      77.12,
      77.45,
      77.37,
      77.5,
      77.87,
      77.53,
      77.89
    ]
  }
}