{
  "config": {
    "run_name": "exp2",
    "out_dir": "./results",
    "seed": 554348842,
    "device": null,
    "bs_train": 512,
    "bs_test": 128,
    "batches": 500,
    "epochs": 100,
    "early_stopping": 5,
    "checkpoints": null,
    "lr": 0.0001,
    "reg": 0.001,
    "filters_per_layer": [
      32,
      64,
      128
    ],
    "layers_per_block": 12,
    "pool_every": 7,
    "hidden_dims": [
      100
    ],
    "model_type": "ycn",
    "kw": {}
  },
  "results": {
    "num_epochs": 41,
    "train_loss": [
      2.2969279289245605,
      2.198438218661717,
      2.095590202175841,
      2.013522365871741,
      1.9118122263830535,
      1.8205941270808785,
      1.739255307888498,
      1.6774636981438618,
      1.6313022886003767,
      1.5883197383004792,
      1.545238842769545,
      1.5030095297463086,
      1.4733247525837956,
      1.441696244843152,
      1.4139260309083121,
      1.3851816374428418,
      1.3620729032827883,
      1.3396258633963916,
      1.3138081540866775,
      1.2920264467901112,
      1.2650140657716868,
      1.2485154879336455,
      1.2290474371034272,
      1.2112427110574684,
      1.1931085939310035,
      1.1678612670119928,
      1.1529358722725693,
      1.1369665775980269,
      1.1190562071848889,
      1.1080480211851549,
      1.08746601975694,
      1.0691032026495253,
      1.0551146791905772,
      1.042823922877409,
      1.028036899712621,
      1.0121463239192963,
      0.9949562312388907,
      0.986545454482643,
      0.974364814709644,
      0.9616334754593518,
      0.951241209190719
    ],
    "train_acc": [
      11.966,
      17.276,
      21.238,
      25.044,
      28.944,
      32.822,
      36.168,
      38.698,
      40.646,
      42.108,
      44.088,
      45.358,
      46.618,
      47.914,
      49.144,
      50.13,
      51.228,
      51.744,
      52.744,
      53.7,
      54.218,
      55.218,
      56.088,
      57.022,
      57.364,
      58.092,
      58.816,
      59.702,
      60.064,
      60.776,
      61.328,
      62.002,
      62.448,
      63.114,
      63.86,
      64.326,
      64.668,
      65.082,
      65.456,
      66.084,
      66.566
    ],
    "test_loss": [
      2.3571689702287504,
      2.6268640258644202,
      2.4421404524694514,
      2.1900224987464614,
      2.0847040701516066,
      2.0168228255042546,
      1.9456190625323524,
      1.8350607684895963,
      1.7380736251420612,
      1.6799397770362565,
      1.6192869249778459,
      1.5404626734649078,
      1.4703588621525825,
      1.4474282928659945,
      1.410214996036095,
      1.3966316045085085,
      1.371114515051057,
      1.3804577724843086,
      1.3477973424935643,
      1.3311391706708111,
      1.301933549627473,
      1.2864836182775377,
      1.2598979774909684,
      1.254416926752163,
      1.287410954885845,
      1.2166286774828463,
      1.2332775736156898,
      1.2047170747684528,
      1.1745384727852255,
      1.1485714889779877,
      1.1649067945118192,
      1.1630506002450292,
      1.1607359127153325,
      1.1351228054565718,
      1.1115509150903435,
      1.0570902379253242,
      1.096383991875226,
      1.0829380267783055,
      1.0785844582545607,
      1.0628667858582508,
      1.0949564908124223
    ],
    "test_acc": [
      10.0,
      11.61,
      17.67,
      22.63,
      24.39,
      27.09,
      29.82,
      34.18,
      37.72,
      40.03,
      41.61,
      44.8,
      47.46,
      48.74,
      49.28,
      50.25,
      51.34,
      51.2,
      52.39,
      52.83,
      53.93,
      54.84,
      55.33,
      55.66,
      54.61,
      56.81,
      56.81,
      58.01,
      58.75,
      59.66,
      59.23,
      59.26,
      59.78,
      60.18,
      60.85,
      62.77,
      61.89,
      62.5,
      63.06,
      63.45,
      62.79
    ]
  }
}