{
  "config": {
    "run_name": "exp2",
    "out_dir": "./results",
    "seed": 763027780,
    "device": null,
    "bs_train": 512,
    "bs_test": 128,
    "batches": 500,
    "epochs": 100,
    "early_stopping": 5,
    "checkpoints": null,
    "lr": 0.0001,
    "reg": 0.001,
    "filters_per_layer": [
      32,
      64,
      128
    ],
    "layers_per_block": 9,
    "pool_every": 5,
    "hidden_dims": [
      100
    ],
    "model_type": "ycn",
    "kw": {}
  },
  "results": {
    "num_epochs": 77,
    "train_loss": [
      2.234877031676623,
      2.0027176530993716,
      1.8527830425573855,
      1.736941594250348,
      1.6561157545264886,
      1.594121478041824,
      1.5415928813875939,
      1.4877297403861065,
      1.4414806025368827,
      1.4003325335833492,
      1.3643185386852341,
      1.332457211552834,
      1.299200456969592,
      1.2622442878022486,
      1.233295353091493,
      1.206803253718785,
      1.1771595222609383,
      1.1499043070540136,
      1.1212390551761704,
      1.1000845195079336,
      1.0717594514087754,
      1.0501118363166342,
      1.0249276708583444,
      1.0019915371525043,
      0.9810246131858047,
      0.9629938340916926,
      0.9402247746380008,
      0.9169428749960296,
      0.8995131375838299,
      0.8832998111539957,
      0.866417906722244,
      0.8490540300096784,
      0.8368718253106487,
      0.8146427663005128,
      0.7963239860777952,
      0.7853323567886742,
      0.7731750206071504,
      0.7639509220512546,
      0.7470103648244119,
      0.7360042005169148,
      0.7171939453300165,
      0.7074899661297701,
      0.6968882892813001,
      0.6842789996643456,
      0.6695365559081642,
      0.6554614992774263,
      0.6507949312122501,
      0.6365878959091342,
      0.627733981122776,
      0.6159580891229668,
      0.6094735851701425,
      0.6011444977959808,
      0.5895842657405503,
      0.5798110338498135,
      0.5740502811208064,
      0.5647676170480495,
      0.5512963332691971,
      0.5470092241861382,
      0.5390314438513347,
      0.5263976032028392,
      0.5217351515074166,
      0.5138918310403824,
      0.5044092736682113,
      0.5018791212719313,
      0.4914160392114094,
      0.4824473213176338,
      0.4761121811307206,
      0.4698898074578266,
      0.46652520797690566,
      0.45360029929754686,
      0.4539078255088962,
      0.4448378797696561,
      0.4369741459282077,
      0.433065084170322,
      0.4241289298753349,
      0.42240513131326557,
      0.4180941742901899
    ],
    "train_acc": [
      15.112,
      23.802,
      30.552,
      35.744,
      38.748,
      41.156,
      43.428,
      45.502,
      47.562,
      49.154,
      50.57,
      51.838,
      53.396,
      54.206,
      55.428,
      56.836,
      57.766,
      58.56,
      59.464,
      60.866,
      61.582,
      62.31,
      63.444,
      64.392,
      65.0,
      65.958,
      66.812,
      67.326,
      68.376,
      69.158,
      69.384,
      70.428,
      70.906,
      71.272,
      71.934,
      72.664,
      72.866,
      73.496,
      73.902,
      74.256,
      74.806,
      75.248,
      75.744,
      76.228,
      76.866,
      76.894,
      77.524,
      77.486,
      77.994,
      78.582,
      78.874,
      79.138,
      79.392,
      79.81,
      79.954,
      80.222,
      80.642,
      80.902,
      81.04,
      81.516,
      81.828,
      82.14,
      82.482,
      82.816,
      82.8,
      83.028,
      83.358,
      83.518,
      83.934,
      83.908,
      84.04,
      84.6,
      84.704,
      84.996,
      84.942,
      85.344,
      85.264
    ],
    "test_loss": [
      2.475414333464224,
      2.0158986637863934,
      1.8858875715279881,
      1.7306607659858992,
      1.6532377080072331,
      1.558718209025226,
      1.4957531554789483,
      1.4010594042041633,
      1.3618791842762428,
      1.3194417485707923,
      1.2780012224293962,
      1.2510524716558336,
      1.226145096972019,
      1.1847960782956473,
      1.1609993773170664,
      1.1289591479905043,
      1.0975232116783722,
      1.0807395434077782,
      1.046984188918826,
      1.0411744494981403,
      1.0173853809320474,
      0.9864475138579742,
      0.9621593771101553,
      0.9705446007885511,
      0.9385766983032227,
      0.9226118854329556,
      0.9028023956697199,
      0.9035444787785977,
      0.8880080739154091,
      0.8712608897233312,
      0.8571603034116044,
      0.8530412882189208,
      0.8282949826385402,
      0.8203567953049382,
      0.8163878321647644,
      0.8150264311440384,
      0.8120698393145694,
      0.7898235343679597,
      0.8031591486327255,
      0.7804107639608504,
      0.7750521083421344,
      0.7774962084957316,
      0.7710488023637216,
      0.7543107044847706,
      0.7524466065666343,
      0.7654632726047612,
      0.7405632534359075,
      0.7593485988393615,
      0.724378728036639,
      0.7307680815081053,
      0.7306261624716506,
      0.7277084743674798,
      0.7200856412513347,
      0.7077779656724085,
      0.7233920708487306,
      0.7124656721760955,
      0.7150417588934114,
      0.7178816508643234,
      0.7072298058980628,
      0.7193348222895514,
      0.7184034910383104,
      0.7031726535362534,
      0.7153286903719359,
      0.7108232699617555,
      0.6957829383355153,
      0.7030482412893561,
      0.6938092429426652,
      0.70553980447069,
      0.7031543896168093,
      0.700298182194746,
      0.7229492788827871,
      0.6921403856971596,
      0.6993875179109694,
      0.6996551786042466,
      0.7019035408768473,
      0.7076886466032342,
      0.7124443288090863
    ],
    "test_acc": [
      12.03,
      24.65,
      29.92,
      36.51,
      39.22,
      42.81,
      45.32,
      49.13,
      50.64,
      52.74,
      54.38,
      55.12,
      56.33,
      57.7,
      58.42,
      59.66,
      61.07,
      61.51,
      62.9,
      62.94,
      64.21,
      65.37,
      66.05,
      65.88,
      66.96,
      67.91,
      68.52,
      68.85,
      69.45,
      70.06,
      70.74,
      70.93,
      71.72,
      71.96,
      72.42,
      72.41,
      72.49,
      73.36,
      73.61,
      74.07,
      74.53,
      74.23,
      74.62,
      75.22,
      75.17,
      74.89,
      75.94,
      75.7,
      76.19,
      76.4,
      76.35,
      76.62,
      76.81,
      77.25,
      76.89,
      77.33,
      77.47,
      77.37,
      77.68,
      77.42,
      77.53,
      77.8,
      78.01,
      77.98,
      78.2,
      78.4,
      78.66,
      78.43,
      78.6,
      78.94,
      78.24,
      79.4,
      78.94,
      79.08,
      78.98,
      78.69,
      78.99
    ]
  }
}