{
  "config": {
    "run_name": "exp2",
    "out_dir": "./results",
    "seed": 996217284,
    "device": null,
    "bs_train": 512,
    "bs_test": 128,
    "batches": 500,
    "epochs": 100,
    "early_stopping": 5,
    "checkpoints": null,
    "lr": 0.0001,
    "reg": 0.001,
    "filters_per_layer": [
      32,
      64,
      128
    ],
    "layers_per_block": 6,
    "pool_every": 4,
    "hidden_dims": [
      100
    ],
    "model_type": "ycn",
    "kw": {}
  },
  "results": {
    "num_epochs": 43,
    "train_loss": [
      2.175030545312531,
      1.7883075645991735,
      1.6238527370958913,
      1.516557597384161,
      1.4357795034136092,
      1.3691605949888423,
      1.3084752170407041,
      1.2517907388356266,
      1.1969520498295219,
      1.147679892121529,
      1.1036334481774543,
      1.0603123799878724,
      1.0217594644244836,
      0.9868070969776231,
      0.9527964099329345,
      0.9223607322391199,
      0.8925075482349006,
      0.8663863527531527,
      0.8362280884567572,
      0.8146466539830578,
      0.7938960413543545,
      0.7737125395512094,
      0.7500134815975111,
      0.7319966627627003,
      0.7127119667676031,
      0.6964825166731464,
      0.673799354811104,
      0.662070883171899,
      0.6450739010256163,
      0.6306175443590903,
      0.6150476342561294,
      0.6035139876969007,
      0.5892256291545167,
      0.5688661537608322,
      0.563379668155495,
      0.5495510560517408,
      0.5357210049215628,
      0.5294475169206152,
      0.5147620603746298,
      0.500522048801792,
      0.49343773175259026,
      0.4772903590786214,
      0.46730668599508246
    ],
    "train_acc": [
      18.418,
      33.618,
      40.38,
      44.932,
      47.586,
      50.304,
      53.014,
      54.964,
      57.206,
      59.052,
      60.806,
      62.738,
      63.708,
      65.13,
      66.454,
      67.606,
      68.562,
      69.524,
      70.604,
      71.398,
      72.102,
      73.034,
      73.34,
      74.116,
      75.016,
      75.486,
      76.246,
      76.974,
      77.528,
      78.026,
      78.564,
      78.726,
      79.562,
      79.904,
      80.22,
      80.716,
      81.04,
      81.578,
      82.192,
      82.318,
      82.87,
      83.222,
      83.816
    ],
    "test_loss": [
      2.1689153291002103,
      1.9197876709925978,
      1.6215752996975863,
      1.490045043486583,
      1.3609931302976004,
      1.2961951358408867,
      1.223592381688613,
      1.1486693537687953,
      1.1001433103899412,
      1.0599947051156926,
      1.0188825877406928,
      0.975812091103083,
      0.9471278598036947,
      0.9245632192756557,
      0.892421815968767,
      0.8737320703796193,
      0.8561247836185407,
      0.8353785382041449,
      0.8320135549653934,
      0.8065895656996136,
      0.8050009842160382,
      0.7932015400898608,
      0.7801535008828852,
      0.7718890928014924,
      0.7556838083870804,
      0.7492790622047231,
      0.7435562369189684,
      0.7382473153404042,
      0.7228142924701111,
      0.7270743526235411,
      0.7244304916526698,
      0.7235945002942146,
      0.7284697531899319,
      0.7170694383639323,
      0.7115444386307197,
      0.7081559998325154,
      0.7133100410050983,
      0.6991026895710185,
      0.7060484535331968,
      0.7069728763043126,
      0.7165769727169713,
      0.7261046246637272,
      0.7284478567823579
    ],
    "test_acc": [
      19.38,
      30.57,
      41.03,
      46.05,
      51.11,
      53.56,
      56.1,
      58.85,
      60.8,
      62.09,
      64.14,
      65.54,
      67.02,
      67.64,
      69.14,
      69.59,
      70.74,
      71.1,
      71.43,
      72.65,
      72.9,
      73.3,
      73.54,
      74.15,
      74.68,
      74.93,
      75.03,
      75.56,
      76.01,
      76.19,
      76.32,
      76.77,
      76.37,
      77.31,
      77.45,
      77.31,
      77.77,
      77.88,
      77.67,
      77.99,
      77.99,
      78.03,
      78.16
    ]
  }
}