{
  "config": {
    "run_name": "matan",
    "out_dir": "./results",
    "seed": 808060950,
    "device": null,
    "bs_train": 128,
    "bs_test": 32,
    "batches": 100,
    "epochs": 100,
    "early_stopping": 3,
    "checkpoints": null,
    "lr": 0.001,
    "reg": 0.001,
    "filters_per_layer": [
      32,
      64
    ],
    "layers_per_block": 2,
    "pool_every": 2,
    "hidden_dims": [
      100
    ],
    "model_type": "ycn",
    "kw": {}
  },
  "results": {
    "num_epochs": 11,
    "train_loss": [
      1.9841381347179412,
      1.6118272686004638,
      1.4455164432525636,
      1.3164674746990204,
      1.2047317659854888,
      1.1045873492956162,
      1.014957264661789,
      0.9223503082990646,
      0.8376406586170196,
      0.782200186252594,
      0.7560081118345261
    ],
    "train_acc": [
      28.3828125,
      42.984375,
      49.3203125,
      54.234375,
      58.3359375,
      62.03125,
      65.6328125,
      69.625,
      72.9296875,
      75.046875,
      76.1640625
    ],
    "test_loss": [
      1.7466179084777833,
      1.5110964107513427,
      1.4101108258962631,
      1.3305264258384704,
      1.287145966887474,
      1.2356711858510971,
      1.2040506029129028,
      1.1969823491573335,
      1.2120238047838212,
      1.223324327468872,
      1.3283239138126373
    ],
    "test_acc": [
      36.1875,
      45.34375,
      50.3125,
      52.75,
      55.0,
      56.28125,
      58.09375,
      58.5625,
      59.8125,
      60.0625,
      57.875
    ]
  }
}